name,followers_number,avatar_url,average_views,price
0x_Melo,468,https://pbs.twimg.com/profile_images/1566308150092787712/O-lg-uda_bigger.jpg,0,0.05
cryptofather48,1565,https://pbs.twimg.com/profile_images/1746138967677014016/XEYlua2v_bigger.jpg,18.75,0.05
0xscarlettw,3055,https://pbs.twimg.com/profile_images/1632722212997455876/iO9W_YMt_bigger.jpg,0,0.05
meltingsol,3138,https://pbs.twimg.com/profile_images/1776350378277449728/fUsIWbUB_bigger.jpg,294.3333333,0.05
0x_nanobro,3173,https://pbs.twimg.com/profile_images/1719659248853069824/RiXgH_Wz_bigger.jpg,407,0.05
johnsedanoNFT,3178,https://pbs.twimg.com/profile_images/1709272822143741952/aPIzVcCA_bigger.jpg,0,0.05
ashwinrz,3206,https://pbs.twimg.com/profile_images/1775245215470583808/ppSRiyDP_bigger.jpg,0,0.05
spinxho_0x,3242,https://pbs.twimg.com/profile_images/1705082905301807104/If2ZWHZ7_bigger.jpg,90,0.05
flyacro,3236,https://pbs.twimg.com/profile_images/1813673663587057664/ue-jTadb_bigger.jpg,0,0.05
0xahgigix,549,https://pbs.twimg.com/profile_images/1547959961204195328/XYjtvf2k_bigger.jpg,0,0.05
CryptoSparky,559,https://pbs.twimg.com/profile_images/1762625811394293760/vSZGb4st_bigger.jpg,0,0.05
sanchay_mittal,580,https://pbs.twimg.com/profile_images/1524180916498665472/KS5vWArQ_bigger.jpg,193,0.05
0xJakeZ,609,https://pbs.twimg.com/profile_images/1767031949439475712/TXC96ClX_bigger.jpg,0,0.05
theLewGuy,623,https://pbs.twimg.com/profile_images/1764699321017262080/wW9hlxs0_bigger.jpg,0,0.05
0xSoliditySnake,625,https://pbs.twimg.com/profile_images/1593256804678516737/2H4c3jEb_bigger.jpg,0,0.05
MRKWH,652,https://pbs.twimg.com/profile_images/1835900451537227776/W_AphKPO_bigger.jpg,0,0.05
cryptojunkie18,696,https://pbs.twimg.com/profile_images/1761716872632803329/BvnQYtfC_bigger.jpg,0,0.05
BitDegen,735,https://pbs.twimg.com/profile_images/1831410936537571328/_J9RjzaK_bigger.jpg,38,0.05
n4s2am,767,https://pbs.twimg.com/profile_images/1569431071195889664/L752Skk8_bigger.jpg,0,0.05
cryptoreb3,767,https://pbs.twimg.com/profile_images/1706636419752480768/ZdkAtTGb_bigger.jpg,67.5,0.05
foxmansol,782,https://pbs.twimg.com/profile_images/1649108327496921090/W-ogtSau_bigger.jpg,0,0.05
AmeyOnX,783,https://pbs.twimg.com/profile_images/1742253246758985729/Wln1ipLv_bigger.jpg,0,0.05
0xFrytos,784,https://pbs.twimg.com/profile_images/1544750905828032512/qP77PsF0_bigger.jpg,0,0.05
c3rnst,816,https://pbs.twimg.com/profile_images/1513513289002663938/7F93p5wE_bigger.jpg,849,0.05
0xMarwan,839,https://pbs.twimg.com/profile_images/1594828369920663552/Pzl7ggnj_bigger.jpg,0,0.05
Blundertoe,855,https://pbs.twimg.com/profile_images/1450184047469088768/qPUmV_m1_bigger.jpg,0,0.05
0xlaveen,915,https://pbs.twimg.com/profile_images/1772104919127916544/Ke5TJt7j_bigger.jpg,0,0.05
Handsofw_BN,926,https://pbs.twimg.com/profile_images/1763645288282030081/eAUoMzdx_bigger.jpg,0,0.05
shrimp_notice,1332,https://pbs.twimg.com/profile_images/1424468993847402497/Vb_x-a5Z_bigger.jpg,320,0.05
zkBMK,1292,https://pbs.twimg.com/profile_images/1743859107830865920/twyu9038_bigger.jpg,0,0.05
Mikel_1892,1229,https://pbs.twimg.com/profile_images/1723955546154258432/5X6tThmM_bigger.jpg,7,0.05
DEFIgoddess,1354,https://pbs.twimg.com/profile_images/1600116799500083202/Ts893c_J_bigger.jpg,0,0.05
aerovalencia,1426,https://pbs.twimg.com/profile_images/1457918803569004546/IuULr3kO_bigger.jpg,0,0.05
danthevillian,1438,https://pbs.twimg.com/profile_images/1794684745520992256/rLK-iXkI_bigger.jpg,27,0.05
middlecurver,1440,https://pbs.twimg.com/profile_images/1571377562760224769/LPA_besH_bigger.jpg,75,0.05
sxjonchain,1461,https://pbs.twimg.com/profile_images/1804832197003943936/MhIOt9_F_bigger.jpg,84,0.05
Jakk0nKrak,1523,https://pbs.twimg.com/profile_images/1581046560426696706/wnzqM9mj_bigger.jpg,0,0.05
0xDiplomat,1562,https://pbs.twimg.com/profile_images/1465060678260117508/gOB6gt78_bigger.jpg,1240,0.05
huangspenser,1579,https://pbs.twimg.com/profile_images/1436414980270669824/D4JDDSWO_bigger.jpg,0,0.05
gleb0x,1587,https://pbs.twimg.com/profile_images/1761002965710602241/6HiwzYMp_bigger.jpg,155,0.055
dan_lipert,1626,https://pbs.twimg.com/profile_images/1812768436184866816/n78nQx4P_bigger.jpg,311,0.055
_aklil0,1670,https://pbs.twimg.com/profile_images/1796614207216996352/HJ4fUPhl_bigger.jpg,42834,0.055
Gkuldeep6,1676,https://pbs.twimg.com/profile_images/1754645852260372480/Uh5Elcds_bigger.jpg,0,0.055
chrislepensky,1731,https://pbs.twimg.com/profile_images/1758206777827737604/4zi29VEI_bigger.jpg,89,0.055
cryptoplant1,1742,https://pbs.twimg.com/profile_images/1787715713685463040/MobVtqWh_bigger.jpg,0,0.055
cryptoversezo,1736,https://pbs.twimg.com/profile_images/1779262464950988800/Yt7-HEGJ_bigger.jpg,0,0.055
MarkVNFT,1788,https://pbs.twimg.com/profile_images/1825294187136180224/7h_QbDkX_bigger.jpg,0,0.055
BencyMarrit,1795,https://pbs.twimg.com/profile_images/1624613684487282689/rXR9wfde_bigger.jpg,222,0.055
_seanli,1798,https://pbs.twimg.com/profile_images/1639429670247727106/hukBCgIo_bigger.png,0,0.055
playwithmarco,1829,https://pbs.twimg.com/profile_images/1740049965857247232/LZG20XTF_bigger.jpg,0,0.055
king69midas,1862,https://pbs.twimg.com/profile_images/1791918273040105472/e468xfxg_bigger.jpg,0,0.055
cweihan,1858,https://pbs.twimg.com/profile_images/1596772121518034944/PmFX9kry_bigger.jpg,146,0.055
JosephBender,1879,https://pbs.twimg.com/profile_images/1535708487535280128/ZgHUPlOn_bigger.jpg,1719.5,0.055
CryptoGoblin,1896,https://pbs.twimg.com/profile_images/1492606661361557511/_Rs50ZR2_bigger.jpg,0,0.055
sambnft,1912,https://pbs.twimg.com/profile_images/1614128574088241152/CF-xKgdi_bigger.jpg,0,0.055
n0shot1,1938,https://pbs.twimg.com/profile_images/1618112872193597440/SBZYaPUi_bigger.png,0,0.055
paddybaker_,1979,https://pbs.twimg.com/profile_images/1550510801777299457/Vo459dL__bigger.jpg,0,0.055
BTDiaz,2030,https://pbs.twimg.com/profile_images/1730344404475355136/kxinLsDs_bigger.jpg,0,0.055
timthehumanbot,2034,https://pbs.twimg.com/profile_images/1821252813818650624/AorH075Q_bigger.jpg,19,0.055
FimixGG,2053,https://pbs.twimg.com/profile_images/1818049179391827969/YQz9ql3z_bigger.jpg,52,0.055
NFTDaddy0311,2053,https://pbs.twimg.com/profile_images/1742706087353016320/5pEvgueR_bigger.jpg,74,0.055
crypto_foo,2117,https://pbs.twimg.com/profile_images/1807196916599373824/AZfR5XWS_bigger.jpg,0,0.055
bkbollinger,2139,https://pbs.twimg.com/profile_images/1485267608047865865/dnoM2dD__bigger.png,271,0.055
chuuuqs,2146,https://pbs.twimg.com/profile_images/1830677804138070016/rSBcHy6d_bigger.jpg,0,0.055
0xYakitori,2169,https://pbs.twimg.com/profile_images/1532657472653377536/3i8ZGmRx_bigger.jpg,283,0.055
SenorDunnCrypto,2163,https://pbs.twimg.com/profile_images/1378290726598029314/Uv2NZ1Up_bigger.jpg,0,0.055
RegenIncarnated,2218,https://pbs.twimg.com/profile_images/1765471717470748672/eHUmbnZ6_bigger.jpg,172,0.055
WestieCrypto,2221,https://pbs.twimg.com/profile_images/1837337670675996672/49zYqcoe_bigger.jpg,593.5,0.055
skollzy,2260,https://pbs.twimg.com/profile_images/1749827473888485380/2RipaqSL_bigger.jpg,89,0.055
JeffbitZA,2265,https://pbs.twimg.com/profile_images/1800308755843665920/ig6R3tkB_bigger.jpg,124,0.055
ApeingShitters,2267,https://pbs.twimg.com/profile_images/1820662205857284096/QhQ4p8_E_bigger.jpg,0,0.055
LukeeSol,2298,https://pbs.twimg.com/profile_images/1737905190513025024/pVNMh3XW_bigger.jpg,0,0.055
ogiberstein,2302,https://pbs.twimg.com/profile_images/1723735356564987904/SYoRKMnK_bigger.jpg,0,0.055
jay_rollups,2305,https://pbs.twimg.com/profile_images/1186565994493480960/euckpGRe_bigger.jpg,0,0.055
unknow_first,2341,https://pbs.twimg.com/profile_images/1803391799626465280/DU9eThtH_bigger.jpg,33,0.055
StarAtlasCitiz1,2392,https://pbs.twimg.com/profile_images/1534814751624134657/tk3HW8EF_bigger.jpg,45.5,0.055
akira_crypto0,2434,https://pbs.twimg.com/profile_images/1628273286466666497/ArH-pS5k_bigger.jpg,142,0.055
rikimaaro,2438,https://pbs.twimg.com/profile_images/1749994644866269184/qrAYLaKM_bigger.jpg,105.3333333,0.055
mitchelljhammer,2407,https://pbs.twimg.com/profile_images/1825935577012686849/b6HkEmlh_bigger.jpg,0,0.055
HongboSG,2460,https://pbs.twimg.com/profile_images/1661533992997502976/BAZopYrh_bigger.jpg,0,0.055
papamolloydie,2459,https://pbs.twimg.com/profile_images/1840765018633334784/_zUYVwkP_bigger.jpg,0,0.055
connoroday0,2460,https://pbs.twimg.com/profile_images/1620327852548968457/EnDpWi3N_bigger.png,0,0.055
_FanBoyZ,2473,https://pbs.twimg.com/profile_images/1765041488235241473/e7WqMt2S_bigger.jpg,32,0.055
VishalHKothari,2487,https://pbs.twimg.com/profile_images/1294816320064643072/wG7MlGcC_bigger.jpg,0,0.06
JayKillXRP,2522,https://pbs.twimg.com/profile_images/1822575511597391873/GhQ5oJj-_bigger.jpg,0,0.06
_LewisHarland_,2528,https://pbs.twimg.com/profile_images/1567922803642437632/3n01SuiJ_bigger.jpg,0,0.06
WolfofKrypto,2580,https://pbs.twimg.com/profile_images/1529528060613099523/71pG02b5_bigger.jpg,0,0.06
dvchan0,2595,https://pbs.twimg.com/profile_images/1796167071304126464/ZaV7bGJA_bigger.jpg,0,0.06
Drew_Evans96,2596,https://pbs.twimg.com/profile_images/1837460003508441093/1yY_SQfu_bigger.jpg,0,0.06
Devkrz,2609,https://pbs.twimg.com/profile_images/1788536515326328833/iI3ApG3a_bigger.jpg,329,0.06
0x_Lunatic,2607,https://pbs.twimg.com/profile_images/1730568952030654464/bBKoBlzn_bigger.jpg,0,0.06
BY_DeFi,2618,https://pbs.twimg.com/profile_images/1773904013257293824/qBZ61hwW_bigger.jpg,34.5,0.06
Dave_Kayac,2624,https://pbs.twimg.com/profile_images/1756980563985010688/aY-7n-7x_bigger.jpg,0,0.06
kartunetwork93,2661,https://pbs.twimg.com/profile_images/1791062027521433600/AOngqxAd_bigger.jpg,0,0.06
coyepond,2690,https://pbs.twimg.com/profile_images/1834045716106231808/0DRJbPv__bigger.jpg,0,0.06
eth_cedric,2719,https://pbs.twimg.com/profile_images/1818858520009113600/2dZLVc4t_bigger.jpg,0,0.06
ThinkingETH,2791,https://pbs.twimg.com/profile_images/1598534708597608450/c36u6wQT_bigger.jpg,0,0.06
gamefiventures,2806,https://pbs.twimg.com/profile_images/1824367966672330752/xdnxzIhD_bigger.jpg,72,0.06
xZenBen,2809,https://pbs.twimg.com/profile_images/1766165614844899328/v3puraRx_bigger.jpg,0,0.06
unkrakable,2822,https://pbs.twimg.com/profile_images/1671404722094501888/mQKKNUBF_bigger.jpg,0,0.06
0xmikko_eth,2831,https://pbs.twimg.com/profile_images/1729450893110571008/S8Hnbxn8_bigger.jpg,0,0.06
matt_mamigonian,2830,https://pbs.twimg.com/profile_images/1522774122161442822/088fn9Ht_bigger.jpg,0,0.06
404_cole,2838,https://pbs.twimg.com/profile_images/1587564141216137216/Z2u2V4aB_bigger.jpg,0,0.06
Mangyek0,2842,https://pbs.twimg.com/profile_images/1736672812109045760/GxfPtahW_bigger.jpg,0,0.06
shalinpei,2865,https://pbs.twimg.com/profile_images/1487480189785411588/A3fEYOnp_bigger.jpg,0,0.06
0xrohan,2866,https://pbs.twimg.com/profile_images/1703629662478630912/MlilEUF3_bigger.jpg,397.5,0.06
AlisonbobEth,2868,https://pbs.twimg.com/profile_images/1681733689158537218/JzKCZRr5_bigger.jpg,0,0.06
MikeKoop,2874,https://pbs.twimg.com/profile_images/1592546785221804032/7wJHi_6D_bigger.jpg,0,0.06
genxtraders,2931,https://pbs.twimg.com/profile_images/1815109845135319040/38gqKMWr_bigger.jpg,0,0.06
MrGavinLow,2957,https://pbs.twimg.com/profile_images/1744660908499156992/bxFefSWY_bigger.jpg,0,0.06
cryptopunkart,2967,https://pbs.twimg.com/profile_images/1757863020376514560/F5t_nqX0_bigger.jpg,70,0.06
triippysol,2979,https://pbs.twimg.com/profile_images/1826964431252709377/lN8KUHGS_bigger.jpg,28,0.06
candycarpet,2999,https://pbs.twimg.com/profile_images/1747746018345537536/URp5wmRC_bigger.jpg,0,0.06
0xfudamentals,3003,https://pbs.twimg.com/profile_images/1378573990780760067/nr2h1j74_bigger.jpg,0,0.06
0xairtx,3021,https://pbs.twimg.com/profile_images/1707458754000912385/cJMtt2KH_bigger.jpg,0,0.06
adriankpang,3208,https://pbs.twimg.com/profile_images/1590423776709181448/9_ho_oRe_bigger.jpg,0,0.06
stakedvc,3213,https://pbs.twimg.com/profile_images/1661425981263949824/27eaWyZQ_bigger.jpg,0,0.06
Keni210689,3217,https://pbs.twimg.com/profile_images/1649830233548152832/rDIFAhrE_bigger.jpg,0,0.06
CasperJohansen,3228,https://pbs.twimg.com/profile_images/1569119930527940608/rM4U5uJN_bigger.jpg,0,0.06
chiachih_wu,3233,https://pbs.twimg.com/profile_images/309657928/head2_bigger.JPG,0,0.06
ecardo5o,531,https://pbs.twimg.com/profile_images/1483613222443884545/MChM0XQE_bigger.jpg,0,0.06
0xshishi,511,https://pbs.twimg.com/profile_images/1836883442157432832/r_cCspID_bigger.jpg,0,0.06
0xparag,491,https://pbs.twimg.com/profile_images/1788866215534026752/Sm8FjOjy_bigger.jpg,0,0.06
Crypto_SheWrote,490,https://pbs.twimg.com/profile_images/1642962163848425472/VgnBQCt1_bigger.jpg,0,0.06
gggonecrypto,3314,https://pbs.twimg.com/profile_images/1440043947334664200/rZkpyuNi_bigger.jpg,0,0.07
CRYPTOBOYMOON,3470,https://pbs.twimg.com/profile_images/1562605555717398528/I9f3mkVu_bigger.jpg,12,0.07
NFTingOrSumtin,3475,https://pbs.twimg.com/profile_images/1662748340310736896/BeaOXvo6_bigger.jpg,0,0.07
scottshapiro,3615,https://pbs.twimg.com/profile_images/1484350005389398025/OMFAMDGW_bigger.png,0,0.07
Hammer86R,3666,https://pbs.twimg.com/profile_images/1571491217703145479/SENMVHxB_bigger.png,1094,0.08
0xsudogm,3703,https://pbs.twimg.com/profile_images/1540827168283844608/sQZ5EN9__bigger.jpg,393.5,0.08
Spade_Sol,3817,https://pbs.twimg.com/profile_images/1646101869171822592/mT20wxot_bigger.jpg,713,0.08
SapphireBTC,3823,https://pbs.twimg.com/profile_images/1774679398542970880/s0RWL7eZ_bigger.jpg,0,0.08
DbsCrypto,3822,https://pbs.twimg.com/profile_images/1529207796125818886/fs8Ww-6g_bigger.jpg,0,0.08
SloppySOL,3857,https://pbs.twimg.com/profile_images/1673914580291162112/fZ4W4bXq_bigger.jpg,282,0.08
crypjo091,3863,https://pbs.twimg.com/profile_images/1593228374733950978/QvSKKghr_bigger.jpg,0,0.08
HexerSol,3867,https://pbs.twimg.com/profile_images/1580309193470492674/azcDlZxo_bigger.jpg,95,0.08
Jin_8315,3875,https://pbs.twimg.com/profile_images/1424234846730088451/l81ozOnn_bigger.jpg,0,0.08
TheDhawalS,3911,https://pbs.twimg.com/profile_images/1630050604226625537/wlzPoX1b_bigger.jpg,0,0.08
fragosti,3918,https://pbs.twimg.com/profile_images/1437184275439259653/G7Nt6Bpj_bigger.jpg,0,0.08
0x_xifeng,3943,https://pbs.twimg.com/profile_images/1833102207740461056/d0PwqFnM_bigger.png,1243,0.08
spenceryang,3960,https://pbs.twimg.com/profile_images/1532219869902430208/ptk7LviI_bigger.jpg,0,0.08
Native_0x,3970,https://pbs.twimg.com/profile_images/1760335470972514305/5HfBtFfx_bigger.jpg,0,0.08
0xSamHarrison,3983,https://pbs.twimg.com/profile_images/1500966109192720384/kZBzLDyR_bigger.jpg,0,0.08
NFTpanic,3990,https://pbs.twimg.com/profile_images/1798206668364185600/i6xo6kAF_bigger.jpg,0,0.08
Trudahamzik,4005,https://pbs.twimg.com/profile_images/1524693342356795392/IM5was5a_bigger.jpg,0,0.08
DerekKlibingat,4017,https://pbs.twimg.com/profile_images/1839286854002290690/IbwLWoSO_bigger.jpg,60,0.08
jmw874,4028,https://pbs.twimg.com/profile_images/1638974952417161217/n7qj_SEP_bigger.jpg,0,0.08
myrarepepe,4032,https://pbs.twimg.com/profile_images/776835188672307202/7ooO90bZ_bigger.jpg,0,0.08
0xttk,4039,https://pbs.twimg.com/profile_images/1436491552549785600/Ko4D_zW__bigger.jpg,0,0.08
0xDeFiniTed,4073,https://pbs.twimg.com/profile_images/1510312878045380615/kVhfQRIq_bigger.jpg,0,0.08
sol_chapito,4110,https://pbs.twimg.com/profile_images/1527929459646402560/TAPIEATf_bigger.jpg,0,0.08
DjSterlingC,4125,https://pbs.twimg.com/profile_images/1822632279543324672/gybTMvQa_bigger.jpg,0,0.08
nftxmag,2692,https://pbs.twimg.com/profile_images/1787236829248303104/iV3mL5yV_bigger.jpg,0,0.1
0x_sukuna,144,https://pbs.twimg.com/profile_images/1837628212563566592/GTuX6EI3_bigger.jpg,0,0.1
MisakiBNB,597,https://pbs.twimg.com/profile_images/1826101744914542596/S8qjhVzZ_bigger.jpg,135.25,0.1
Web3medusa,15250,https://pbs.twimg.com/profile_images/1809611630675632128/CMYJcqYr_bigger.jpg,29,0.1
Speedy_biz,3144,https://pbs.twimg.com/profile_images/1839927922733314048/6kgAKcMp_bigger.jpg,0,0.1
robertgelti,1891,https://pbs.twimg.com/profile_images/1782337355174526976/sD7D6BuK_bigger.jpg,37,0.1
0xLitquidity,4198,https://pbs.twimg.com/profile_images/1815855919659696128/yTlXgqsk_bigger.jpg,0,0.1
0xAmplify,4215,https://pbs.twimg.com/profile_images/1564365631537160192/GOZTHT_a_bigger.jpg,0,0.1
AnnieFauv,4209,https://pbs.twimg.com/profile_images/1672358054753619970/EzRXQY3P_bigger.jpg,0,0.1
GrendelMarco,4249,https://pbs.twimg.com/profile_images/1838898111944507392/MSvAnkiz_bigger.jpg,0,0.1
WeileiY,4263,https://pbs.twimg.com/profile_images/1843351624460206081/VzTILRK4_bigger.png,490,0.1
jonathankingvc,4296,https://pbs.twimg.com/profile_images/1718864632809418752/39fF8hZc_bigger.jpg,0,0.1
TTx0x,4296,https://pbs.twimg.com/profile_images/1731971964523397120/1abUt0u5_bigger.jpg,317,0.1
otaku_1996sol,4302,https://pbs.twimg.com/profile_images/1751242717164654592/Rc32FV1u_bigger.jpg,275,0.1
danielque,4294,https://pbs.twimg.com/profile_images/1499249969932664834/dNzsKbKD_bigger.jpg,272,0.1
camron_miraftab,4357,https://pbs.twimg.com/profile_images/1818259444532154368/LZtC-ILb_bigger.jpg,6319,0.1
0xryankim,4377,https://pbs.twimg.com/profile_images/1774949170581008384/RIWJTtMq_bigger.jpg,0,0.1
A_BertoG,4418,https://pbs.twimg.com/profile_images/1778434670755028993/u7pF5spK_bigger.jpg,0,0.1
kaansolana,4437,https://pbs.twimg.com/profile_images/1797008307741249536/h8LUDp6t_bigger.jpg,701,0.1
exodus_sol,4467,https://pbs.twimg.com/profile_images/1611329959259426816/GjYNyx_5_bigger.jpg,0,0.1
CryptoMan_Ram,4492,https://pbs.twimg.com/profile_images/1048804541368426496/xsd7ATM__bigger.jpg,500,0.1
kurtgrela,4502,https://pbs.twimg.com/profile_images/1780566518683553792/civqzkj6_bigger.jpg,0,0.1
idealexit,4506,https://pbs.twimg.com/profile_images/1604893752853729298/qJ3Knr9I_bigger.png,32.66666667,0.1
LilApeCapital,4531,https://pbs.twimg.com/profile_images/1729904584011788288/KV4j31dl_bigger.jpg,0,0.1
nocoffeenobrain,4554,https://pbs.twimg.com/profile_images/1803349602978189312/8cDUzL_-_bigger.jpg,880,0.1
YayaONFT,4586,https://pbs.twimg.com/profile_images/1792944835537592320/RN6ftYGf_bigger.jpg,0,0.1
DeNomics_,4585,https://pbs.twimg.com/profile_images/1714791825733808128/yVsjnM76_bigger.jpg,0,0.1
John_Wxck,4601,https://pbs.twimg.com/profile_images/1641150597834342421/1c2xgsFB_bigger.jpg,0,0.1
RoshanChain,4598,https://pbs.twimg.com/profile_images/1570850298712711169/Zvq_annt_bigger.png,0,0.1
Brand0_XYZ,4618,https://pbs.twimg.com/profile_images/1791778438598275073/yC_Nxaqo_bigger.jpg,0,0.1
CryftBolt,4624,https://pbs.twimg.com/profile_images/1834638975119835136/_bX7mKCC_bigger.jpg,94,0.1
cectuz,4631,https://pbs.twimg.com/profile_images/1825284983881424896/wGOc4JSn_bigger.jpg,0,0.1
mrpigbrain,4631,https://pbs.twimg.com/profile_images/1824960502272827393/bNl6xFfd_bigger.jpg,221,0.1
smokey0x,4684,https://pbs.twimg.com/profile_images/1785448007959240704/D738fra0_bigger.jpg,0,0.1
0xWagieBot,4686,https://pbs.twimg.com/profile_images/1754300592154144768/OUJ1AKEL_bigger.jpg,1007,0.1
AsakaEia,3149,https://pbs.twimg.com/profile_images/1784517972293230592/VQMqE5LZ_bigger.jpg,166,0.13
0xGRAFFITO,4705,https://pbs.twimg.com/profile_images/1754244412073291776/zIODYlqm_bigger.jpg,0,0.13
gphummer,4886,https://pbs.twimg.com/profile_images/1656358018991403013/ODcURfey_bigger.jpg,0,0.13
JimmyCap_,4901,https://pbs.twimg.com/profile_images/1611223666074714112/bG_nTKG2_bigger.jpg,0,0.13
manan19,4926,https://pbs.twimg.com/profile_images/1816474767098253312/M5qbl3zg_bigger.jpg,0,0.13
0xnushi,4945,https://pbs.twimg.com/profile_images/1494057129711439874/JmKoTOk9_bigger.jpg,0,0.13
0xJiro,4951,https://pbs.twimg.com/profile_images/1787558145457278979/q6RuuS5n_bigger.jpg,0,0.13
j_finer,4963,https://pbs.twimg.com/profile_images/1732483855200759808/p2FguxKh_bigger.jpg,325,0.13
blackflagMO,4971,https://pbs.twimg.com/profile_images/1633512435691978753/IqK7763g_bigger.jpg,0,0.13
CryptoDoper,4991,https://pbs.twimg.com/profile_images/1746637914820444160/sEI-B_ee_bigger.jpg,0,0.13
Genia_XBT,5034,https://pbs.twimg.com/profile_images/1732115115384680448/LLyZfYty_bigger.jpg,0,0.15
glockNFT,5029,https://pbs.twimg.com/profile_images/1735408410546319360/WTUun5NN_bigger.jpg,91,0.15
ILIA_0x,5050,https://pbs.twimg.com/profile_images/1770060791032709120/907JLxj8_bigger.jpg,0,0.15
NYF_SOL,5052,https://pbs.twimg.com/profile_images/1838344299722813440/R_kOBiKS_bigger.jpg,0,0.15
barrett_io,5057,https://pbs.twimg.com/profile_images/1766253348389548032/Ut2B-jts_bigger.jpg,121,0.15
CryptoRamel,5056,https://pbs.twimg.com/profile_images/1075845548429770752/-JedFqzj_bigger.jpg,0,0.15
dervoiedk,5077,https://pbs.twimg.com/profile_images/1543288532806107137/et9d_8k6_bigger.jpg,238,0.15
GandalfTheBr0wn,5095,https://pbs.twimg.com/profile_images/1770911113686769666/ZUwD97LH_bigger.jpg,0,0.15
arsenaharonyan,5114,https://pbs.twimg.com/profile_images/1634856592867827713/U0BusjZZ_bigger.jpg,680,0.15
crabbylions,5195,https://pbs.twimg.com/profile_images/1744808919518822400/tYvudcDg_bigger.jpg,333,0.15
Genuinrisk,5201,https://pbs.twimg.com/profile_images/1749808590674890752/nPcq77kC_bigger.jpg,157,0.15
mkriak,5204,https://pbs.twimg.com/profile_images/1673690795256233987/XBzAFj-h_bigger.jpg,0,0.15
phillipliujr,5221,https://pbs.twimg.com/profile_images/1828251320043667456/IGtVzT2t_bigger.jpg,0,0.15
0xTangle,5229,https://pbs.twimg.com/profile_images/1821207382279720960/ky0sTyWF_bigger.jpg,0,0.15
LumeeNFT,5265,https://pbs.twimg.com/profile_images/1806710293902364672/8o-Wn9vO_bigger.jpg,418,0.15
tansawit,5261,https://pbs.twimg.com/profile_images/1795735035968192513/c6PNm6y2_bigger.jpg,33258,0.15
yummyuyu_,5261,https://pbs.twimg.com/profile_images/1806904792243167232/EIYqIMYY_bigger.jpg,473,0.15
edogg82,5257,https://pbs.twimg.com/profile_images/1654070177506418689/fgmg9mez_bigger.jpg,476,0.15
daosasha,5300,https://pbs.twimg.com/profile_images/1772653456509030400/CL7f8VIY_bigger.jpg,0,0.15
wolvrinheart,5297,https://pbs.twimg.com/profile_images/1771454565646548992/PTsbyIgr_bigger.jpg,0,0.15
xDuumbo,5336,https://pbs.twimg.com/profile_images/1752562770233507840/emwkosc8_bigger.jpg,0,0.15
apram89,5338,https://pbs.twimg.com/profile_images/1649809022260740099/oajXLREp_bigger.jpg,0,0.15
wastey00t,5404,https://pbs.twimg.com/profile_images/1760499297403985920/Gw3FVihf_bigger.jpg,0,0.15
moontoddler,5409,https://pbs.twimg.com/profile_images/1682692469463343104/XK68_SCD_bigger.jpg,0,0.15
permissionlesol,5438,https://pbs.twimg.com/profile_images/1568300901458223106/-slsaVJc_bigger.jpg,0,0.15
PolyPup1,5428,https://pbs.twimg.com/profile_images/1759967586945572864/rVDU2Vgs_bigger.jpg,0,0.15
KamilBrejcha,5457,https://pbs.twimg.com/profile_images/1806695785355984897/xg239ym1_bigger.jpg,0,0.15
jLumen8,5459,https://pbs.twimg.com/profile_images/1677832303232311296/KJznqBnq_bigger.png,0,0.15
AlexDotEth,7098,https://pbs.twimg.com/profile_images/1841185372925018117/w4DVL97L_bigger.jpg,30,0.18
0xozzy,21,https://pbs.twimg.com/profile_images/1429128504252239875/PtGyMblm_bigger.jpg,0,0.18
0xMasonH,5595,https://pbs.twimg.com/profile_images/1509678416777428994/joV432vx_bigger.png,619,0.18
cryp7omaxi,5633,https://pbs.twimg.com/profile_images/1802779000944656384/Am8QqrqG_bigger.jpg,0,0.18
johnfdong,5686,https://pbs.twimg.com/profile_images/1811661953653424128/cuY1K5Eu_bigger.jpg,0,0.18
PurpleSuede22,5698,https://pbs.twimg.com/profile_images/1827898693611139072/vF-lgygs_bigger.jpg,89,0.18
motocoaster,5708,https://pbs.twimg.com/profile_images/1663961775543287836/zJ6UI8tZ_bigger.png,182,0.18
HassanBassiri,5697,https://pbs.twimg.com/profile_images/1833982573145718785/gW_RnLIe_bigger.jpg,0,0.18
0xChu,5710,https://pbs.twimg.com/profile_images/1803141379318751232/YtIxfkm6_bigger.jpg,0,0.18
Cryptonite94,5723,https://pbs.twimg.com/profile_images/1838261133938962432/mCmT8po0_bigger.jpg,194,0.18
cryptocoach_org,5733,https://pbs.twimg.com/profile_images/1752942722472673280/Z9ea1Wid_bigger.jpg,46,0.18
CryptoSinan,5802,https://pbs.twimg.com/profile_images/1233099679744843776/HsTE9f5A_bigger.jpg,0,0.18
bbjsol,5781,https://pbs.twimg.com/profile_images/1783857621016969216/N32jR0ka_bigger.jpg,86.5,0.18
ShinoTohkaNC,5795,https://pbs.twimg.com/profile_images/1798675516850839552/uunhdL6X_bigger.jpg,16.5,0.18
CRNtrades,5791,https://pbs.twimg.com/profile_images/1735271401886531584/L3tLimki_bigger.png,140,0.18
web3tokenomics,5813,https://pbs.twimg.com/profile_images/1833075366191144960/Nz8Wnjde_bigger.jpg,125,0.18
HutchinWhale,5824,https://pbs.twimg.com/profile_images/1785786840089235456/wiOwhxsU_bigger.jpg,0,0.18
gross_bit,5832,https://pbs.twimg.com/profile_images/1434192681131859973/FnzQm6Mo_bigger.jpg,645,0.18
ForrestGalt,5839,https://pbs.twimg.com/profile_images/1786306266370867200/kC_ubCeW_bigger.jpg,0,0.18
LordKrako,5853,https://pbs.twimg.com/profile_images/1785496235790503936/W6uGBRhH_bigger.jpg,112.25,0.18
beaverbtfd,5913,https://pbs.twimg.com/profile_images/1843366908835352577/zZ3WV8p4_bigger.jpg,0,0.18
_amymadison,5922,https://pbs.twimg.com/profile_images/1625029467759427584/6hB8wSmc_bigger.jpg,394,0.18
ThesisInvestor,5957,https://pbs.twimg.com/profile_images/1821312910003474432/6lLGV7bU_bigger.jpg,0,0.18
SolanaSoldier,5955,https://pbs.twimg.com/profile_images/1438144129242894341/Toel56gJ_bigger.jpg,0,0.18
j0xnah,6079,https://pbs.twimg.com/profile_images/1840378983445041152/SvNVAG0g_bigger.jpg,0,0.18
MetaMounts,6121,https://pbs.twimg.com/profile_images/1465690370449154062/jv-zs_Bn_bigger.jpg,0,0.18
_froad,6129,https://pbs.twimg.com/profile_images/1843376112589574144/nFHOiSxx_bigger.jpg,263,0.2
SenorDesigner,6141,https://pbs.twimg.com/profile_images/1833165117447458816/RVhN3SRs_bigger.jpg,61,0.2
TapinwitJac,6158,https://pbs.twimg.com/profile_images/1758877887984279552/1SXhyIQj_bigger.jpg,0,0.2
RHLSTHRM,6158,https://pbs.twimg.com/profile_images/1772917983351853056/Kf8GaR1x_bigger.jpg,0,0.2
CuzinUncleJerry,6202,https://pbs.twimg.com/profile_images/1827345517145186304/r9oLqANX_bigger.jpg,0,0.2
boz_menzalji,6212,https://pbs.twimg.com/profile_images/1153064344080408576/xMHkBDTI_bigger.png,0,0.2
G0JlRA,6224,https://pbs.twimg.com/profile_images/1787138479685509122/6-07vEa__bigger.jpg,0,0.2
Elypse_Pink,6264,https://pbs.twimg.com/profile_images/1834244882849771520/qLxk0e5g_bigger.jpg,94,0.2
crispheaney,6265,https://pbs.twimg.com/profile_images/1806006958584971265/yPUltFK9_bigger.jpg,545,0.2
MarceloFujii,6294,https://pbs.twimg.com/profile_images/1822985297732194304/Ga5-neIl_bigger.jpg,254.5,0.2
DAHSNFT,6284,https://pbs.twimg.com/profile_images/1763432156687159296/kdpY_o1q_bigger.png,0,0.2
TheLocalCRYPTO,6345,https://pbs.twimg.com/profile_images/1842171845661114368/uOAHlpG9_bigger.jpg,0,0.2
dirtySOK,6352,https://pbs.twimg.com/profile_images/1699494281180860416/_RBMTHPr_bigger.jpg,267,0.2
wesblog,6407,https://pbs.twimg.com/profile_images/1785124577053454336/40jsi5Vh_bigger.jpg,0,0.2
SLUMMGOD,6415,https://pbs.twimg.com/profile_images/1832452374159400960/EU9biQWd_bigger.jpg,294.5,0.2
Shear_SOL,6413,https://pbs.twimg.com/profile_images/1817726526881665024/u4xu7_MC_bigger.png,124.5,0.2
JoyceInNYC,6413,https://pbs.twimg.com/profile_images/1646902010971660294/28OVZPoB_bigger.jpg,0,0.2
iamstephenyuan,6432,https://pbs.twimg.com/profile_images/1767120151902826496/beI73nJH_bigger.jpg,0,0.2
PlasmaB1,6541,https://pbs.twimg.com/profile_images/1842000226766258176/-PgnwqQ3_bigger.jpg,0,0.2
The0xJose,6523,https://pbs.twimg.com/profile_images/1773017627146739712/TmRBtueT_bigger.jpg,613,0.2
dumbcontract2,6546,https://pbs.twimg.com/profile_images/1484766099518410753/Op36eSO7_bigger.jpg,2299,0.2
NotNPH,6558,https://pbs.twimg.com/profile_images/1836612057740742656/Vhszb1mP_bigger.jpg,37,0.2
ChamberRekt,6595,https://pbs.twimg.com/profile_images/1800523829845889024/xBMFzdkI_bigger.jpg,0,0.2
xavieriturralde,6626,https://pbs.twimg.com/profile_images/1823515652201553920/pCRxdvnC_bigger.jpg,0,0.2
n1punp,6633,https://pbs.twimg.com/profile_images/1539937163558920192/mhOtbS7d_bigger.jpg,0,0.2
BrettRichey,6656,https://pbs.twimg.com/profile_images/1755838755033006080/-ijS4PvY_bigger.jpg,0,0.2
FedKassad,6706,https://pbs.twimg.com/profile_images/1724518622997979136/NzGYEfp-_bigger.jpg,171,0.2
ryanli_me,6697,https://pbs.twimg.com/profile_images/1480678475694415873/3Lry6CjR_bigger.jpg,0,0.2
DJNymz,6725,https://pbs.twimg.com/profile_images/1541545982185263104/VchMupP8_bigger.jpg,0,0.2
SQester,6718,https://pbs.twimg.com/profile_images/1767310370299949056/9FpeaHKp_bigger.jpg,0,0.2
manuelpng,6784,https://pbs.twimg.com/profile_images/1836015264996999168/Q4G98W0h_bigger.jpg,0,0.2
drewski_sol,6787,https://pbs.twimg.com/profile_images/1809947715645952001/W4_cm8Az_bigger.jpg,0,0.2
NamiSOLami,6836,https://pbs.twimg.com/profile_images/1786175029186580480/1QOxIo95_bigger.jpg,0,0.2
D_blue_sol,674,https://pbs.twimg.com/profile_images/1803008757745541120/AxtYHbq1_bigger.jpg,0,0.25
kubbooooo,1404,https://pbs.twimg.com/profile_images/1840113149359390720/k3CxhSQf_bigger.jpg,2301.75,0.25
cryptomemehoe,16063,https://pbs.twimg.com/profile_images/1843304926459613184/73sfNfFc_bigger.jpg,0,0.25
JohnDoughBull,6840,https://pbs.twimg.com/profile_images/1343855512165773313/4SKB5ceK_bigger.jpg,0,0.25
happydelio,6854,https://pbs.twimg.com/profile_images/1631107432155082752/DbKFHim3_bigger.jpg,2690,0.25
RobertoTalamas,6867,https://pbs.twimg.com/profile_images/1828965290828247040/0dnbmyTF_bigger.jpg,0,0.25
I_Can_Haz,6876,https://pbs.twimg.com/profile_images/1815873717937004544/S0VLeVAA_bigger.jpg,0,0.25
Tuuxxdotsol,6900,https://pbs.twimg.com/profile_images/1838201578479566848/0oYGZJJV_bigger.jpg,411,0.25
RexNwachukwu,6934,https://pbs.twimg.com/profile_images/1783185875142057984/4WvRwJ83_bigger.jpg,214,0.25
Uzy1000x,6956,https://pbs.twimg.com/profile_images/1658684491160776704/rTu6Qg_5_bigger.jpg,0,0.25
vaibhavchellani,7007,https://pbs.twimg.com/profile_images/1792479716068282369/LeymuGm9_bigger.jpg,0,0.25
crypto_pinapple,7089,https://pbs.twimg.com/profile_images/1592767427544227840/REG5SbHT_bigger.jpg,111,0.25
SgtHamSteak,7084,https://pbs.twimg.com/profile_images/1814394646564425728/UA9pbj0T_bigger.jpg,55,0.25
KfishNFT,7106,https://pbs.twimg.com/profile_images/1758246230121922560/_P8zlQsG_bigger.jpg,973,0.25
supremebeme,7124,https://pbs.twimg.com/profile_images/1820954466167975936/RFeBYUdz_bigger.jpg,5,0.3
TheRishabhAnand,7062,https://pbs.twimg.com/profile_images/1835543759993679872/SEIeDGKS_bigger.jpg,0,0.3
JohnDoe55573,7148,https://pbs.twimg.com/profile_images/1760321426572087296/7rK9P296_bigger.jpg,0,0.3
web3ddy,7191,https://pbs.twimg.com/profile_images/1843120964000940032/QefM6BnU_bigger.jpg,0,0.3
RaviMonke,7255,https://pbs.twimg.com/profile_images/1701666623550099457/gvdPzBwz_bigger.jpg,0,0.3
0xHarassment,7284,https://pbs.twimg.com/profile_images/1775663276623343616/8wcOl33g_bigger.jpg,1966,0.3
notawhitesheep,7306,https://pbs.twimg.com/profile_images/1832541554843783168/hhP_x2WJ_bigger.jpg,127,0.3
themlpx,7438,https://pbs.twimg.com/profile_images/1541428037069459465/EkPLIs73_bigger.jpg,0,0.3
adhcrypto,7465,https://pbs.twimg.com/profile_images/1806754321817640960/qCQ3tGtZ_bigger.jpg,0,0.3
Degencaesar,7537,https://pbs.twimg.com/profile_images/1775543297613987840/tDdbB1Rf_bigger.jpg,0,0.3
MaxBrsNFT,7624,https://pbs.twimg.com/profile_images/1660300202153066496/wy_13JDq_bigger.jpg,0,0.3
sui414,7681,https://pbs.twimg.com/profile_images/1780744804256579584/lMtxoHhB_bigger.jpg,1181,0.3
Swansonflows,7767,https://pbs.twimg.com/profile_images/1829533421799911424/tU7Qhpou_bigger.jpg,254,0.3
wawin,7769,https://pbs.twimg.com/profile_images/1662246447541112832/KSVh-Pp8_bigger.jpg,167,0.3
Mercury_Prime,7767,https://pbs.twimg.com/profile_images/1843185910675865600/hVs307OK_bigger.jpg,0,0.3
ma_bitcoin,7786,https://pbs.twimg.com/profile_images/1350768961122537475/8e-uVIEU_bigger.jpg,0,0.3
cmoyall,7789,https://pbs.twimg.com/profile_images/1532805096886640641/jL9XDI6q_bigger.jpg,0,0.3
ashwathbk,7854,https://pbs.twimg.com/profile_images/1668641898456809472/q22z4_jK_bigger.jpg,934,0.3
YungGucciT,7909,https://pbs.twimg.com/profile_images/1771951419693645824/K_jgMncP_bigger.jpg,126,0.3
StarkNaked23,7904,https://pbs.twimg.com/profile_images/1641634337526542336/eH8DhHNd_bigger.png,0,0.3
SolanaCoach,7970,https://pbs.twimg.com/profile_images/1842582348543533056/wFWA9qwC_bigger.jpg,1360,0.35
DegenPing,8070,https://pbs.twimg.com/profile_images/1773957607772102656/NBR30Fsb_bigger.jpg,0,0.35
0x_daidai,8117,https://pbs.twimg.com/profile_images/1647013428412944384/mxin6UxY_bigger.jpg,582,0.35
web3juiced,8119,https://pbs.twimg.com/profile_images/1821606379766857728/G-WE_xzo_bigger.jpg,0,0.35
RyderLeeNFT,8146,https://pbs.twimg.com/profile_images/1840221980831694848/TuYNEO9p_bigger.jpg,117,0.35
Anisalti_,8189,https://pbs.twimg.com/profile_images/1772794139043651584/U2dH1elE_bigger.jpg,0,0.35
zach__davidson,8273,https://pbs.twimg.com/profile_images/1774846586377392129/ou5xpSaY_bigger.jpg,0,0.35
fathertadams,8324,https://pbs.twimg.com/profile_images/1819397060560408576/dXODp0mC_bigger.jpg,128,0.35
Soul_Eater_43,8478,https://pbs.twimg.com/profile_images/1799058422723428352/99cPwl0K_bigger.jpg,0,0.35
Weeb_Mcgee,8485,https://pbs.twimg.com/profile_images/1754204762671665152/YlCu9DTV_bigger.jpg,611,0.35
va77ss,79849,https://pbs.twimg.com/profile_images/1794269888527130624/fCX7ABMg_bigger.jpg,0,0.35
Skuullls,3020,https://pbs.twimg.com/profile_images/1800135455007989760/X57sEY2N_bigger.jpg,0,0.35
spyflips,8595,https://pbs.twimg.com/profile_images/1821386493929086976/jYcj8WP4_bigger.jpg,0,0.4
lafachief,8598,https://pbs.twimg.com/profile_images/1771969753206116352/OVTr9tNn_bigger.jpg,0,0.4
fl0wjoe,8713,https://pbs.twimg.com/profile_images/1681659634245943297/N5Ez7W0B_bigger.jpg,0,0.4
setanimals,8706,https://pbs.twimg.com/profile_images/1502779758613962752/z8zVlT8-_bigger.jpg,0,0.4
chris_taylor_sa,8793,https://pbs.twimg.com/profile_images/1773202306667855872/_D2GaI3a_bigger.jpg,0,0.4
0xangelfish,8791,https://pbs.twimg.com/profile_images/1547456118787489792/L3_9GSdZ_bigger.jpg,0,0.4
SapoNFTz,8815,https://pbs.twimg.com/profile_images/1681341298408824832/mO-qwHUY_bigger.jpg,150,0.4
DOOMbotMask,8879,https://pbs.twimg.com/profile_images/1840875658668285952/wZio68r3_bigger.jpg,0,0.4
Branche_SC,8945,https://pbs.twimg.com/profile_images/1680644099223740417/UYGiO67a_bigger.jpg,0,0.4
blauyourmind,8957,https://pbs.twimg.com/profile_images/1678069149099229186/M_DZuntx_bigger.jpg,18804,0.4
JussCubs,8958,https://pbs.twimg.com/profile_images/1841672921628213249/OW5oGvbd_bigger.png,475,0.4
HankWalla,8963,https://pbs.twimg.com/profile_images/1663520002400460800/my55fjji_bigger.jpg,1167,0.4
Obliv1ous,9006,https://pbs.twimg.com/profile_images/1830651171544985601/ereeniId_bigger.jpg,0,0.4
alexandether,9034,https://pbs.twimg.com/profile_images/1524090840972410884/14vhFlj1_bigger.png,172,0.4
bozoHYBRID,9081,https://pbs.twimg.com/profile_images/1740696904235642881/ejSql-4p_bigger.jpg,0,0.45
toppestvalue,9061,https://pbs.twimg.com/profile_images/1779314001316380673/NhqvWT7I_bigger.jpg,175,0.45
PeachyMorse,9090,https://pbs.twimg.com/profile_images/1837973275684524032/VIHHw-yQ_bigger.jpg,0,0.45
Hendrixouthemud,9124,https://pbs.twimg.com/profile_images/1825611327902978048/HMBEfs5t_bigger.jpg,0,0.45
Blockchase,9153,https://pbs.twimg.com/profile_images/1781608513057304576/wqrLE3YL_bigger.jpg,0,0.45
0x_Capital,9162,https://pbs.twimg.com/profile_images/1749468398549868550/uWeC1XhX_bigger.jpg,258.5,0.45
0xchandresh,9190,https://pbs.twimg.com/profile_images/1815765693452693504/1W9FKQqT_bigger.jpg,0,0.45
0xmubaris,9216,https://pbs.twimg.com/profile_images/1528786564163174402/IGB6unGD_bigger.jpg,0,0.45
thal0x,9230,https://pbs.twimg.com/profile_images/1623362040139026442/YpXDm_xH_bigger.jpg,1164.333333,0.45
CRYPTOGNOMEO,9277,https://pbs.twimg.com/profile_images/1829866702974140416/DD9FJbEH_bigger.jpg,0,0.45
an6y_jpg,9274,https://pbs.twimg.com/profile_images/1840477062445793280/-KZATy7K_bigger.jpg,335,0.45
0xmurloc,9334,https://pbs.twimg.com/profile_images/1645712790642884609/95s2aZG8_bigger.jpg,800.5,0.48
taxninja,9330,https://pbs.twimg.com/profile_images/1765144050594705408/iuuyIf5D_bigger.jpg,0,0.48
OwlyNFT,9348,https://pbs.twimg.com/profile_images/1581194988624527361/jS8Qs_If_bigger.jpg,352,0.48
Johncoin_,374467,https://pbs.twimg.com/profile_images/1765920557252411392/ulUvIzyW_bigger.jpg,878,0.48
imchrisdaddy,13968,https://pbs.twimg.com/profile_images/1608864718080335872/oi6Griz7_bigger.jpg,1494.666667,0.5
2617sol,8317,https://pbs.twimg.com/profile_images/1843226077210038272/L2yf9_KD_bigger.jpg,16,0.5
MarshallKarim0,15618,https://pbs.twimg.com/profile_images/1816234748450140160/h4xt7nfQ_bigger.jpg,0,0.5
TheMoonHailey,70135,https://pbs.twimg.com/profile_images/1734501846314618880/HMgbIuY1_bigger.jpg,1121,0.5
ryuzaki_sol,21901,https://pbs.twimg.com/profile_images/1629137972426858496/dgzZ4Q7o_bigger.jpg,0,0.5
words_byriri,650,https://pbs.twimg.com/profile_images/1833766008756039680/riB-AAfK_bigger.jpg,0,0.5
RestlessHavoc,16784,https://pbs.twimg.com/profile_images/1820933548431319040/UdFR8H3f_bigger.jpg,0,0.5
theagnft,8415,https://pbs.twimg.com/profile_images/1815525133508837377/eA-zUuK1_bigger.jpg,0,0.5
big_stan7,6399,https://pbs.twimg.com/profile_images/1832196675978280960/c7lU8Fpx_bigger.jpg,192,0.5
0xemma_,5528,https://pbs.twimg.com/profile_images/1667433532665344002/CjRxvHQx_bigger.jpg,0,0.5
0xRainandCoffee,9386,https://pbs.twimg.com/profile_images/1703019985558290432/HeUfzwSX_bigger.png,842,0.5
cryptophilip,9420,https://pbs.twimg.com/profile_images/1604338183960788992/VZ_60ykD_bigger.jpg,0,0.5
testinprodcap,9555,https://pbs.twimg.com/profile_images/1478992947509088261/9fHD3i8f_bigger.jpg,583,0.5
tklocanas,9589,https://pbs.twimg.com/profile_images/1457818293037842441/X6TBpPGN_bigger.jpg,0,0.5
analyticalali,9559,https://pbs.twimg.com/profile_images/1640947995603783681/rT1wZhgB_bigger.jpg,0,0.5
ZkEther,9558,https://pbs.twimg.com/profile_images/1539074231350067205/fZ5tn77o_bigger.jpg,1671,0.5
Always_Oblak,9574,https://pbs.twimg.com/profile_images/1832200161746882560/7bh-cTNd_bigger.jpg,0,0.5
ca0928,9589,https://pbs.twimg.com/profile_images/1669163910459539459/qZAjYLL9_bigger.jpg,0,0.5
anytwocardzz,9627,https://pbs.twimg.com/profile_images/1819139369589972992/G-hC23_I_bigger.jpg,187,0.5
YaserBi,9644,https://pbs.twimg.com/profile_images/1681462330658365441/GhuGKSry_bigger.jpg,0,0.5
jpegstrader,9709,https://pbs.twimg.com/profile_images/1766686420398432256/RGLS7V86_bigger.jpg,2391.333333,0.5
ranyi1115,9752,https://pbs.twimg.com/profile_images/1813817435973382145/MSlMPrR6_bigger.jpg,3811,0.5
Topboycrypto,9846,https://pbs.twimg.com/profile_images/1817623127884513280/SFtcYLpo_bigger.jpg,452,0.5
moonmanlet,9951,https://pbs.twimg.com/profile_images/1817549445010960384/v-H_E0CP_bigger.jpg,0,0.5
MetaSaiyans,10068,https://pbs.twimg.com/profile_images/1843443450106044416/W81qlvkb_bigger.jpg,206.3333333,0.5
Allenbaez126,10089,https://pbs.twimg.com/profile_images/1830290516858060802/Vub-88V3_bigger.jpg,189,0.5
00williammorris,10249,https://pbs.twimg.com/profile_images/1823521782344671232/GmRzGK1r_bigger.jpg,111,0.5
vyvvyn,10269,https://pbs.twimg.com/profile_images/1833311135866753025/wuPlaS5q_bigger.jpg,0,0.5
KarnageSOL,10538,https://pbs.twimg.com/profile_images/1800558780922331136/zuI5jGtX_bigger.jpg,481,0.5
nft_Marty,10578,https://pbs.twimg.com/profile_images/1623420811158618114/KTxAC6xq_bigger.jpg,0,0.5
NFT_M0D,10633,https://pbs.twimg.com/profile_images/1843392311243485186/YLZIOTYD_bigger.jpg,111,0.5
sal_hotpot666,10694,https://pbs.twimg.com/profile_images/1705252777444995072/gWT-NGM-_bigger.jpg,0,0.5
archon_0x,10786,https://pbs.twimg.com/profile_images/1567520142451511298/ZGB9cESS_bigger.jpg,0,0.5
0ldgravy,10794,https://pbs.twimg.com/profile_images/1588686689328824320/oCDGk36S_bigger.jpg,0,0.5
flipit0x,10982,https://pbs.twimg.com/profile_images/1792102522577924096/e993_Djq_bigger.jpg,0,0.5
renato_shira,11034,https://pbs.twimg.com/profile_images/1786182422050050050/ECnXjTa4_bigger.jpg,0,0.5
Rndom31,11058,https://pbs.twimg.com/profile_images/1778436342978150401/b3mHRJCW_bigger.jpg,0,0.5
BrennaSparks0x,11105,https://pbs.twimg.com/profile_images/1771633737442484224/02XNnL5n_bigger.jpg,574,0.5
RandomTask555,11100,https://pbs.twimg.com/profile_images/1770821527686053888/5E0VOL0M_bigger.jpg,0,0.5
purphat,11139,https://pbs.twimg.com/profile_images/1827073513045336064/qaU6Svy-_bigger.jpg,0,0.5
_SOLGoodMan,11224,https://pbs.twimg.com/profile_images/1828126959869591552/Tr_xov-z_bigger.jpg,1050.333333,0.5
SwannyNFT,11211,https://pbs.twimg.com/profile_images/1819719049078521856/hVLSOZuD_bigger.jpg,0,0.5
cory_eth,11462,https://pbs.twimg.com/profile_images/1697029990565752833/Vnh5zY88_bigger.jpg,184,0.6
punk9527,11476,https://pbs.twimg.com/profile_images/1821833952828559360/E09BArAk_bigger.jpg,147,0.6
hvshark,11526,https://pbs.twimg.com/profile_images/1663526847546572801/NdWbjWx9_bigger.jpg,206,0.6
realsch1,11528,https://pbs.twimg.com/profile_images/1769325150090960896/Pg12C8QR_bigger.jpg,0,0.6
RickiCryptoStix,11551,https://pbs.twimg.com/profile_images/1717283737111785472/lHDbRs8p_bigger.jpg,0,0.6
simonkim_nft,11618,https://pbs.twimg.com/profile_images/1622898369596391426/ulBhA0lL_bigger.jpg,4318,0.6
edgar_eth,11766,https://pbs.twimg.com/profile_images/1790401097753939968/y1ScW6rj_bigger.jpg,0,0.6
kryptonomie,11793,https://pbs.twimg.com/profile_images/1726390052110860288/zNWG5tlB_bigger.jpg,0,0.6
kaelenwere,11768,https://pbs.twimg.com/profile_images/1792841490382860288/nfmClHyd_bigger.jpg,280,0.6
HODLsolana,11836,https://pbs.twimg.com/profile_images/1825167223083704320/rnJ6Untx_bigger.jpg,0,0.6
senorwhale,11807,https://pbs.twimg.com/profile_images/1694267853820637184/n12F-qOK_bigger.jpg,182.8,0.6
TONHomie,12009,https://pbs.twimg.com/profile_images/1671451278105362432/1cAouOwz_bigger.jpg,0,0.6
Ape4249,12023,https://pbs.twimg.com/profile_images/1787783825877061634/WxeAPLPh_bigger.jpg,0,0.6
t0mmyzero,12070,https://pbs.twimg.com/profile_images/1618415849442021376/4bt-saOP_bigger.jpg,0,0.6
0x_tracy,12075,https://pbs.twimg.com/profile_images/1763975575704666112/PsPTJ2X__bigger.jpg,0,0.6
sylversurfer_,12198,https://pbs.twimg.com/profile_images/1793129580087443456/CanHh-7v_bigger.jpg,0,0.6
0xbrainjar,12263,https://pbs.twimg.com/profile_images/1795549659903008768/S3X5R1yZ_bigger.jpg,936,0.6
SOLinGOLD,12291,https://pbs.twimg.com/profile_images/1791273738862026752/Zb_QGgNv_bigger.jpg,241,0.6
x0rart,12410,https://pbs.twimg.com/profile_images/1541434703508451329/IXlH8CyE_bigger.jpg,1681,0.6
KEMOS4BE,12566,https://pbs.twimg.com/profile_images/1817422303288082432/QeJNfH1o_bigger.jpg,2205,0.6
MR_George,12530,https://pbs.twimg.com/profile_images/1750948203477012480/5UELpuzr_bigger.jpg,0,0.6
Sebygweb3,15773,https://pbs.twimg.com/profile_images/1811080634351140864/6xtybo94_bigger.jpg,0,0.7
THETRON41052305,6,https://pbs.twimg.com/profile_images/1576440865626939392/ZF-GqMIR_bigger.png,0,0.7
DeclanCrypt,66731,https://pbs.twimg.com/profile_images/1822154331392495616/eC-IOXop_bigger.jpg,423,0.7
Supremejayx,12567,https://pbs.twimg.com/profile_images/1736394873178292224/0Dvb-ZEF_bigger.jpg,5,0.7
wahgmi,252051,https://pbs.twimg.com/profile_images/1835767012808867840/Erwjm_gT_bigger.jpg,0,0.7
Jacob___Meyer,12772,https://pbs.twimg.com/profile_images/1752493822066470912/Rr8umS09_bigger.jpg,0,0.7
Broccoli_DAO,12812,https://pbs.twimg.com/profile_images/1564630250113441793/V28U0E60_bigger.jpg,2572,0.7
NotSeanyTsunami,12846,https://pbs.twimg.com/profile_images/1699921912728788992/ZKFRiaBi_bigger.jpg,0,0.7
meg_thorpe_,12944,https://pbs.twimg.com/profile_images/1823534626322669568/ev3LKcwF_bigger.jpg,172,0.7
fordudesake,12949,https://pbs.twimg.com/profile_images/1745476026610970624/VnruqazA_bigger.jpg,0,0.7
0xedenau,12996,https://pbs.twimg.com/profile_images/1666353415428141056/oWxf_zUr_bigger.png,0,0.7
ZhuoxunYin,13490,https://pbs.twimg.com/profile_images/1754957887443550208/ry3NRFu5_bigger.jpg,0,0.7
redlioneye,13569,https://pbs.twimg.com/profile_images/1578124018892394502/mmtqSCPz_bigger.jpg,0,0.7
stack__sats,13663,https://pbs.twimg.com/profile_images/1771247078435405825/o-p-xEko_bigger.jpg,0,0.7
Notfgod,13698,https://pbs.twimg.com/profile_images/1738039296572198912/A8zBku_n_bigger.jpg,3352.5,0.7
Cupseyy,13802,https://pbs.twimg.com/profile_images/1818669526105354240/dXRjndiH_bigger.jpg,0,0.7
0xgeorgie,5924,https://pbs.twimg.com/profile_images/1835063402890170369/PZERk0yh_bigger.jpg,122,0.8
ODEKA_eth,13795,https://pbs.twimg.com/profile_images/1781481310717968384/FP-Hr6wX_bigger.jpg,0,0.8
LectronNFT,13954,https://pbs.twimg.com/profile_images/1826158798689447936/sxCMnpL__bigger.jpg,0,0.8
AlexOG47,13912,https://pbs.twimg.com/profile_images/1801636031592034304/8wZfsMaX_bigger.jpg,205,0.8
WickdNFT,13920,https://pbs.twimg.com/profile_images/1476524157416452096/Y7Qpsgs7_bigger.png,827.5,0.8
0xbags,14120,https://pbs.twimg.com/profile_images/1643887399225704448/ke2dLtYB_bigger.jpg,0,0.8
DaoChemist,14120,https://pbs.twimg.com/profile_images/1568989811767123970/ffEF1EHs_bigger.jpg,0,0.8
Tristan0x,14205,https://pbs.twimg.com/profile_images/1768919480652959744/uCitcNP0_bigger.jpg,1866,0.8
mannyv_sol,14250,https://pbs.twimg.com/profile_images/1841097151209668613/tVt2Lt1S_bigger.jpg,0,0.8
NewDumbMoney,14276,https://pbs.twimg.com/profile_images/1831507094475821056/RqOi0DSq_bigger.jpg,0,0.8
GMersNFT,14339,https://pbs.twimg.com/profile_images/1609610788578230273/47vQA-Jf_bigger.jpg,0,0.8
Abbas88sol,14452,https://pbs.twimg.com/profile_images/1568829238211497985/oIfZuVb4_bigger.jpg,0,0.8
BandzMcBagz,14695,https://pbs.twimg.com/profile_images/1826063352256221184/xhnYjiQF_bigger.jpg,282,0.8
fenrusgmi,14814,https://pbs.twimg.com/profile_images/1569445989991211010/lYe-YZ5u_bigger.jpg,2867,0.8
Prof_Atikin,14913,https://pbs.twimg.com/profile_images/1785423136931946497/-gPY9UcX_bigger.jpg,301,0.8
_khanhamzah,15294,https://pbs.twimg.com/profile_images/1824400751092760578/ZZAi-Ivd_bigger.jpg,443,0.8
comfycapital_,15393,https://pbs.twimg.com/profile_images/1791630216084742144/8xYrC8q4_bigger.jpg,6093,0.8
PandaAsiaStreet,15239,https://pbs.twimg.com/profile_images/1834647383340408832/rIlygzhO_bigger.jpg,137,0.8
reganbozman,15413,https://pbs.twimg.com/profile_images/1435767285659037696/atD0Lwt0_bigger.jpg,5374,0.8
strikeisokay,15772,https://pbs.twimg.com/profile_images/1843059941038256128/Lfn9o8IW_bigger.jpg,0,0.8
HugoMartingale,15834,https://pbs.twimg.com/profile_images/1794879828673404928/QXoysakL_bigger.jpg,4581,0.8
DheerajShah_,15911,https://pbs.twimg.com/profile_images/1530282673327198208/orgJVbJL_bigger.png,0,0.8
DigitalRoamad,16048,https://pbs.twimg.com/profile_images/1674855394445778958/bLSm9RIn_bigger.jpg,687.6666667,0.8
dizzanxietytho,16159,https://pbs.twimg.com/profile_images/1795602298271584256/JUoBsQ_e_bigger.jpg,0,0.8
ItzBermuda,16387,https://pbs.twimg.com/profile_images/1831542764795842560/eaO6Hhh9_bigger.jpg,0,0.8
0xpipi,16413,https://pbs.twimg.com/profile_images/1842170322554142720/I5RNm9N1_bigger.jpg,0,0.8
0mllwntrmt3,16523,https://pbs.twimg.com/profile_images/1704758498263711744/W8XJY5Dz_bigger.jpg,513,0.8
ToiletSenpai_,16966,https://pbs.twimg.com/profile_images/1834861565398376448/0ki5GFQd_bigger.jpg,0,0.8
jeeplee8888,16923,https://pbs.twimg.com/profile_images/1636360565382848512/gVyDUfX__bigger.jpg,4499,0.9
stormrdoteth,16966,https://pbs.twimg.com/profile_images/1740106825884958721/yAPvTli1_bigger.png,0,0.9
pronounsuponly,17038,https://pbs.twimg.com/profile_images/1843099074792501248/p31DejBV_bigger.jpg,0,0.9
jvb_xyz,17052,https://pbs.twimg.com/profile_images/1735599963969556481/YxZMdKMn_bigger.jpg,3971,0.9
TheSwervor,17370,https://pbs.twimg.com/profile_images/1741917796366184448/rq8hbIUn_bigger.jpg,0,0.9
Brantoshi,17490,https://pbs.twimg.com/profile_images/1756142883588194304/f_n_taJn_bigger.jpg,0,0.9
FaridRached,17532,https://pbs.twimg.com/profile_images/1747755756441513984/VSmbPxzi_bigger.jpg,0,0.9
SidaldoNFT,17697,https://pbs.twimg.com/profile_images/1798094587350704128/bW5dbb48_bigger.jpg,0,0.9
TheChunkyFtw,17779,https://pbs.twimg.com/profile_images/1609940019233390598/qAyp3pG7_bigger.jpg,0,0.9
0xrooter,17896,https://pbs.twimg.com/profile_images/1799137059573211139/v5iTwoQT_bigger.jpg,1165,0.9
h0xrus,17843,https://pbs.twimg.com/profile_images/1764305680482123776/DnxLi2NC_bigger.jpg,0,0.9
RedKatLife,18069,https://pbs.twimg.com/profile_images/1843055626731003904/3cmKJKdz_bigger.jpg,151,0.9
web3brett,18152,https://pbs.twimg.com/profile_images/1713977953560694784/T0cDqt1T_bigger.png,0,0.9
azfnft,18353,https://pbs.twimg.com/profile_images/1767646117552967680/zuDkwhmn_bigger.jpg,417,0.9
GivnerAriel,18385,https://pbs.twimg.com/profile_images/1842910005952905216/GT-az1yD_bigger.jpg,388,0.9
Bfaviero,18380,https://pbs.twimg.com/profile_images/1829112337556541440/t4X7IZxC_bigger.jpg,956,0.9
JaysonCrypto,18428,https://pbs.twimg.com/profile_images/1638986611345051654/kFUFFRfp_bigger.png,0,0.9
0xTechno,18461,https://pbs.twimg.com/profile_images/1467708440466182152/SgYIQCGi_bigger.jpg,0,0.9
lostsol404,18692,https://pbs.twimg.com/profile_images/1840114729764749313/ppABiIfm_bigger.jpg,0,0.9
Kyloren_NFT,18754,https://pbs.twimg.com/profile_images/1571855867649081345/GEoYyfB2_bigger.jpg,0,0.9
DiosKEK,19097,https://pbs.twimg.com/profile_images/1835262084285640704/KOvZIC3G_bigger.png,413,0.9
0xSami_,19120,https://pbs.twimg.com/profile_images/1623837465659297792/0Jg1yvEW_bigger.jpg,0,0.9
EthereumAddict,19135,https://pbs.twimg.com/profile_images/1134586720719183873/IwTa72h4_bigger.jpg,734.5,0.9
rahuldoteth,19179,https://pbs.twimg.com/profile_images/1793425145618735104/ccWmuA3C_bigger.jpg,0,0.9
BBPC,19238,https://pbs.twimg.com/profile_images/1487875759079362560/zYL3SbjF_bigger.jpg,0,0.9
benmayorwhite,19265,https://pbs.twimg.com/profile_images/1627112097300598784/LbnVJP7I_bigger.jpg,0,0.9
WenRolex_eth,19865,https://pbs.twimg.com/profile_images/1840814965810184192/1k3xg-8t_bigger.jpg,109,0.9
goku_nft,19757,https://pbs.twimg.com/profile_images/1740819114979979265/FC4Ojdlq_bigger.jpg,0,0.9
0xjaynfts,20069,https://pbs.twimg.com/profile_images/1840314912431616000/HFdlOSWN_bigger.jpg,660,0.9
0xLeoInRio,19912,https://pbs.twimg.com/profile_images/1750442984552726528/j90Xu917_bigger.jpg,3897,0.9
fonship,20113,https://pbs.twimg.com/profile_images/1342361868434862080/118WEo7o_bigger.png,0,0.9
TutuCrypto,22081,https://pbs.twimg.com/profile_images/1745284553059803136/kEdWgp8p_bigger.jpg,0,0.9
intocryptoast,22167,https://pbs.twimg.com/profile_images/1775714511804358656/0O50zjMa_bigger.jpg,0,0.9
wsavas,22181,https://pbs.twimg.com/profile_images/1831368770608082944/I-brL9IS_bigger.jpg,0,0.9
NazNFT_,22309,https://pbs.twimg.com/profile_images/1820281119524442112/ABL_T19J_bigger.jpg,355,0.9
Smokey_titan,22332,https://pbs.twimg.com/profile_images/1835454557239046144/Mnbp5k94_bigger.jpg,0,0.9
0xBreadguy,22360,https://pbs.twimg.com/profile_images/1814298715194097664/O2y4pHt3_bigger.jpg,0,0.9
Krista_Kim,22599,https://pbs.twimg.com/profile_images/1478737769086214149/D6bjj7TF_bigger.jpg,420,0.9
LH_exe,22664,https://pbs.twimg.com/profile_images/1783132179377049600/RTv8yp13_bigger.jpg,410,0.9
lupoxbt,22721,https://pbs.twimg.com/profile_images/1838190888574435328/AkEQGl0y_bigger.jpg,5217.666667,1
MrMimiEth,22734,https://pbs.twimg.com/profile_images/1664622781856722945/X9nBzEV3_bigger.jpg,264,1
commenstar,22751,https://pbs.twimg.com/profile_images/1693831678257668100/Zf9irPn0_bigger.jpg,0,1
shrimpgangsol,22872,https://pbs.twimg.com/profile_images/1828806681771339776/IFQu_jaC_bigger.jpg,0,1
nogoodlol,22858,https://pbs.twimg.com/profile_images/1830028973889224704/hDxvaj1X_bigger.jpg,721,1
KenTheCrypto,22946,https://pbs.twimg.com/profile_images/1700082781051875328/TMmpdeiM_bigger.jpg,0,1
ItsRagnarYT,23090,https://pbs.twimg.com/profile_images/1539985198758219777/WNEh18ez_bigger.jpg,0,1
EmmarkGadgets,23421,https://pbs.twimg.com/profile_images/1675990046225100801/cLv1wWVg_bigger.jpg,319,1
thedapplist,23634,https://pbs.twimg.com/profile_images/1828845501577605120/BoTg-W0R_bigger.jpg,0,1
JordanOnChain,23613,https://pbs.twimg.com/profile_images/1791900304163676160/iWPzyOsa_bigger.jpg,0,1
LeviNotAckerman,23818,https://pbs.twimg.com/profile_images/1833107999210242048/2sQhVSiU_bigger.jpg,0,1
0xjems,23926,https://pbs.twimg.com/profile_images/1610128584605306880/wcbEy8ge_bigger.jpg,0,1
cook_ees,6292,https://pbs.twimg.com/profile_images/1841981010285887488/paj6pYsw_bigger.jpg,0,1
aureljpeg,12761,https://pbs.twimg.com/profile_images/1841095560108859397/sjp0xAFp_bigger.jpg,0,1
lotxnft,7692,https://pbs.twimg.com/profile_images/1542727801996193792/vTQMbh4z_bigger.png,0,1
0xpooop,2005,https://pbs.twimg.com/profile_images/1830083599418433536/14pHSKlH_bigger.jpg,68.5,1
judonfts,129316,https://pbs.twimg.com/profile_images/1781356915093880832/9NUeHwyO_bigger.jpg,0,1
Bellickkruz,22837,https://pbs.twimg.com/profile_images/1637725868620382209/jiZDpOvU_bigger.jpg,0,1
By0zFreak,708,https://pbs.twimg.com/profile_images/1822566330073260032/G2YIX2Jq_bigger.jpg,3,1
Sol_bits,21466,https://pbs.twimg.com/profile_images/1616181058801893378/lJUqUKKV_bigger.jpg,0,1
Silverhard_,2112,https://pbs.twimg.com/profile_images/1840089254837293056/F2PN1skl_bigger.jpg,0,1
Terra_army,84457,https://pbs.twimg.com/profile_images/1525689121154379776/gxm9y6_i_bigger.jpg,4446,1
MowkiWeb3,101475,https://pbs.twimg.com/profile_images/1794019693704994816/P3aaGPrB_bigger.jpg,0,1
Legend_legolas,60108,https://pbs.twimg.com/profile_images/1542224146603573252/FGCI76MH_bigger.jpg,5511.666667,1
sidw_calls,1358,https://pbs.twimg.com/profile_images/1819982873211928576/XQ28D_Wu_bigger.jpg,120,1
Jareld_j,1586,https://pbs.twimg.com/profile_images/1813561830851194880/PqYeiU9B_bigger.jpg,0,1
Jlh1416,754,https://pbs.twimg.com/profile_images/1747658860473597952/BME31cqy_bigger.jpg,0,1
commendable_1,355,https://pbs.twimg.com/profile_images/1825203218290511872/igsQU8Uj_bigger.jpg,0,1
Thememeshunter,12238,https://pbs.twimg.com/profile_images/1834012361058811904/VrPQZO78_bigger.jpg,0,1
harleyishHarley,8514,https://pbs.twimg.com/profile_images/1789898443173093376/7Uq-snGZ_bigger.jpg,467,1
hughmfer,7020,https://pbs.twimg.com/profile_images/1825336286577889280/3AR5_nCJ_bigger.jpg,0,1
THESAINTOSHI,8706,https://pbs.twimg.com/profile_images/1836280039685431296/xKmY5tf3_bigger.jpg,156.5,1
0x_shake,15663,https://pbs.twimg.com/profile_images/1843312223793401856/2WFORbXE_bigger.jpg,1944.666667,1
hotpot_dao,26094,https://pbs.twimg.com/profile_images/1489623001381445632/rUR8sYje_bigger.jpg,0,1
thejonnyjpegs,24003,https://pbs.twimg.com/profile_images/1826358988402741248/iueBtKv9_bigger.jpg,0,1
DegenDaVinci,24153,https://pbs.twimg.com/profile_images/1588188337206136834/ETC5b6_6_bigger.jpg,0,1
tg_cryptos,24412,https://pbs.twimg.com/profile_images/1765679417987145728/fsGXYv_u_bigger.jpg,412,1
AboutDefi,24552,https://pbs.twimg.com/profile_images/1760545244909871105/s1OqzELU_bigger.jpg,0,1
seth,24585,https://pbs.twimg.com/profile_images/1776578376263663616/7gvUfVKK_bigger.jpg,0,1
kerneltrader,24670,https://pbs.twimg.com/profile_images/1590413029732130820/Xof9tqWm_bigger.jpg,2327,1
BTCWuYan,24851,https://pbs.twimg.com/profile_images/1836376213595787265/J_35ekog_bigger.jpg,0,1
A2KDeFi,25113,https://pbs.twimg.com/profile_images/1625520983028137984/nkOs5hFd_bigger.jpg,2323,1
thejpeglord,25143,https://pbs.twimg.com/profile_images/1757947754259906560/TFg6RjOT_bigger.jpg,0,1
Crypto_Counsel,25178,https://pbs.twimg.com/profile_images/1605251100436840448/aYvS8Ic6_bigger.jpg,0,1
nftpho,25199,https://pbs.twimg.com/profile_images/1584109547710427136/mn-jNXHy_bigger.jpg,0,1
ceotim,25628,https://pbs.twimg.com/profile_images/1663756359421030400/rIOD4_hF_bigger.png,0,1
0xMiles,25869,https://pbs.twimg.com/profile_images/1814107881672740864/Nr-Jk7jC_bigger.jpg,52,1
littlemustacho,26077,https://pbs.twimg.com/profile_images/1739656913002835968/jGI-ZKUM_bigger.jpg,2758,1
Sol_Bunn,26099,https://pbs.twimg.com/profile_images/1588548878730727426/HG4Ue3tX_bigger.jpg,8862.25,1
nftsonsolana,26107,https://pbs.twimg.com/profile_images/1779688974141001728/q8Dm40Il_bigger.jpg,619,1
PixelRainbowNFT,26147,https://pbs.twimg.com/profile_images/1837939876395663360/_-UqgDzd_bigger.jpg,529.5,1
Mikey_NFTs,26293,https://pbs.twimg.com/profile_images/1567185363235373058/lHUtEouZ_bigger.jpg,178.5,1
alz_zyd_,26343,https://pbs.twimg.com/profile_images/1548663597668122627/-u985urp_bigger.jpg,0,1
sainteclectic,26346,https://pbs.twimg.com/profile_images/1594828826923892736/UrBH8nWy_bigger.png,0,1
Tytaninc,26416,https://pbs.twimg.com/profile_images/1664656525590241280/E4DP7sKv_bigger.png,0,1
iamashchild,26771,https://pbs.twimg.com/profile_images/1824792398020616192/RD5oPbKE_bigger.jpg,512,1
TechNickel,26973,https://pbs.twimg.com/profile_images/1834677580030681088/qscvSAgA_bigger.jpg,0,1
jenndefer,27460,https://pbs.twimg.com/profile_images/1724493543010619392/VfZB8Tjr_bigger.jpg,604,1
ape6743,27415,https://pbs.twimg.com/profile_images/1708165924673486849/PljfD9Nx_bigger.jpg,119,1
JeremiahThinks,27444,https://pbs.twimg.com/profile_images/1566501443061682176/y3tt1lLZ_bigger.jpg,403.5,1
Chad_Hominem_,27536,https://pbs.twimg.com/profile_images/1840550023060140032/oo8iLC4v_bigger.jpg,5971,1
smilinglllama,27511,https://pbs.twimg.com/profile_images/1648085033381507072/2U3GbGEx_bigger.jpg,0,1
k06a,27659,https://pbs.twimg.com/profile_images/1670510862686208001/hVm4QP_w_bigger.png,0,1
decircusmaster,28114,https://pbs.twimg.com/profile_images/1731955830423982080/3JD8cDcC_bigger.png,0,1
bernardo_cafe,28336,https://pbs.twimg.com/profile_images/1722378811847647232/jrofuMNP_bigger.png,389,1
TenaciousBit,28343,https://pbs.twimg.com/profile_images/1838599719251070976/5nJ8Qql-_bigger.jpg,14,1
Bonglo_io,28356,https://pbs.twimg.com/profile_images/1737298754267430912/__95yK4i_bigger.png,209,1
xingpt,28519,https://pbs.twimg.com/profile_images/1736891752517083138/iHBqggXe_bigger.jpg,2068,1
Sanza,28631,https://pbs.twimg.com/profile_images/1840861106950012928/bryrvG4K_bigger.jpg,0,1
kaisisokay,28895,https://pbs.twimg.com/profile_images/1839436916032421888/-IZM_JpF_bigger.jpg,957,1
realjameswo,28845,https://pbs.twimg.com/profile_images/1735339831088300032/IOseteA6_bigger.png,1167.666667,1.2
KRTrades_,29048,https://pbs.twimg.com/profile_images/1803493966144552960/ty1P4GmC_bigger.jpg,0,1.2
Bamedi_,29355,https://pbs.twimg.com/profile_images/1770394490131623937/2dhBBuuI_bigger.jpg,1082.666667,1.2
0xRyze,29610,https://pbs.twimg.com/profile_images/1567449454059618306/JBvlyAlE_bigger.jpg,0,1.2
monoliff,30041,https://pbs.twimg.com/profile_images/1706829064135454721/fWcRoj2F_bigger.jpg,4075,1.2
SolanaPlays,30039,https://pbs.twimg.com/profile_images/1836062005154775041/vSmM3oG-_bigger.jpg,260,1.2
amirhaleem,30103,https://pbs.twimg.com/profile_images/1796322779492646912/pR1WvU_2_bigger.jpg,8716,1.2
andrewsaunders,30208,https://pbs.twimg.com/profile_images/1804222326223048706/N_NukRXV_bigger.jpg,0,1.2
crymeaCOIN,30216,https://pbs.twimg.com/profile_images/1623557170200727554/S_ZGKw6O_bigger.jpg,7760,1.2
pokornstar,30322,https://pbs.twimg.com/profile_images/1842113151019429889/ANbZTBCt_bigger.jpg,0,1.2
FamousCloudzz,30560,https://pbs.twimg.com/profile_images/1824924061363023872/D9MrY1vN_bigger.jpg,0,1.2
_PPMan_,30803,https://pbs.twimg.com/profile_images/1832799419785179136/0G15dVvJ_bigger.jpg,0,1.2
Marky_Meta,5025,https://pbs.twimg.com/profile_images/1807797109547995136/JSY97ki__bigger.png,0,1.2
vc_btxcap,10941,https://pbs.twimg.com/profile_images/1803336484281524225/yj2UOgXn_bigger.jpg,0,1.2
NFT_Promoter,12969,https://pbs.twimg.com/profile_images/1638838045079216129/YtxGpX5P_bigger.jpg,37,1.2
keechao69,32870,https://pbs.twimg.com/profile_images/1721053590448398337/ocxRhN01_bigger.jpg,0,1.2
keirstyyy,32931,https://pbs.twimg.com/profile_images/1824658200060194816/DK-JKWB0_bigger.jpg,10094.5,1.2
CryptonautsShow,33312,https://pbs.twimg.com/profile_images/1490914188817940481/hnLfTfuw_bigger.jpg,3441,1.2
Decentralpapi,3737,https://pbs.twimg.com/profile_images/1833642016422420480/EOazf7Ge_bigger.jpg,0,1.2
cjaymacy,8500,https://pbs.twimg.com/profile_images/1536016211896565760/jdYNA8kl_bigger.png,4828,1.3
0xminion,24540,https://pbs.twimg.com/profile_images/1745175242543382528/YQwa4A1l_bigger.jpg,0,1.3
ryanberckmans,25222,https://pbs.twimg.com/profile_images/1517698378259480577/OyjdGW3D_bigger.jpg,2665,1.3
jayendra_jog,24318,https://pbs.twimg.com/profile_images/1737163902268641281/U5a7UKud_bigger.jpg,0,1.3
gregosuri,42740,https://pbs.twimg.com/profile_images/1653600943747784706/xDZlkJSZ_bigger.jpg,0,1.3
defi__teddy,36119,https://pbs.twimg.com/profile_images/1822797490929680385/FtnF0xzj_bigger.jpg,0,1.3
web3adroit,32663,https://pbs.twimg.com/profile_images/1814788651626192897/8uwFx_JX_bigger.jpg,0,1.3
poderwins,690,https://pbs.twimg.com/profile_images/1815418628671516672/zqAKHGVd_bigger.jpg,33,1.3
BigBrainTwin,9117,https://pbs.twimg.com/profile_images/1651949070523531264/RIl07t1r_bigger.jpg,0,1.3
TATrader_Alan,56062,https://pbs.twimg.com/profile_images/1612298772343816192/5o1KRFB8_bigger.jpg,13389.5,1.3
0xAmol,13426,https://pbs.twimg.com/profile_images/1718315704946941952/LjXIhC4I_bigger.jpg,0,1.5
0xmui_666,11880,https://pbs.twimg.com/profile_images/1723751798845181952/25HI7I2B_bigger.jpg,98,1.5
sircandyapple,13290,https://pbs.twimg.com/profile_images/1840765645341720576/wT9tdu6n_bigger.jpg,936,1.5
redacted_noah,13707,https://pbs.twimg.com/profile_images/1811143855938695168/4JDSx7vm_bigger.jpg,2272,1.5
genuinearticles,23289,https://pbs.twimg.com/profile_images/1580256627172704269/HSTbuawQ_bigger.jpg,0,1.5
SolamiMamis,23987,https://pbs.twimg.com/profile_images/1828808236423589888/wEt1RGOb_bigger.jpg,613,1.5
JuliaLipton,21877,https://pbs.twimg.com/profile_images/1526560293383458816/uF0cHd1i_bigger.jpg,3723,1.5
sandraaleow,27560,https://pbs.twimg.com/profile_images/1824723991074050048/PxfBXLk__bigger.jpg,0,1.5
CryptoZachLA,31411,https://pbs.twimg.com/profile_images/1716921045960265728/GQwii0-3_bigger.jpg,1424,1.5
ChrisJourdan,31615,https://pbs.twimg.com/profile_images/1525817842280669185/o4pLTxJl_bigger.png,0,1.5
0xbilly,31626,https://pbs.twimg.com/profile_images/1757296694012645379/NbT-6vNT_bigger.jpg,0,1.5
Tyler_Did_It,31841,https://pbs.twimg.com/profile_images/1561354964534018049/T9lKN_2c_bigger.jpg,0,1.5
TomatoBAYC,31709,https://pbs.twimg.com/profile_images/1406018083936997377/t4NAcSzW_bigger.jpg,0,1.5
Lamboland_,31900,https://pbs.twimg.com/profile_images/1825917191104917504/xtQafsVl_bigger.jpg,0,1.5
_bolivian,32434,https://pbs.twimg.com/profile_images/1841928376589721600/ylTJUuvx_bigger.jpg,1274,1.5
iamkadense,32423,https://pbs.twimg.com/profile_images/1750653776988667904/A_iFuM76_bigger.jpg,0,1.5
TopoGigio_sol,32570,https://pbs.twimg.com/profile_images/1743441039522775040/zsyVpoqT_bigger.jpg,447.6666667,1.5
gloom_sol,32633,https://pbs.twimg.com/profile_images/1826779773005393920/tRq_A7SJ_bigger.jpg,586,1.5
kevindegods,33062,https://pbs.twimg.com/profile_images/1717529407622193152/0Ae4g947_bigger.png,0,1.5
MoonRovingBTC,33137,https://pbs.twimg.com/profile_images/1590537445413732354/Z3g9qhtD_bigger.jpg,294.3333333,1.5
BitBoyJay,33933,https://pbs.twimg.com/profile_images/1582568670173200386/hhUdCjd1_bigger.jpg,1844,1.5
CryptoMagellan,34192,https://pbs.twimg.com/profile_images/1595521985290739712/N2BTXkP5_bigger.png,0,1.5
NeonApesYC,34499,https://pbs.twimg.com/profile_images/1718307264484737024/c07imFnu_bigger.jpg,264,1.5
CryptoGrills,34700,https://pbs.twimg.com/profile_images/1452980956084715530/JtwfLH0B_bigger.jpg,0,1.5
Lewsiphur,35122,https://pbs.twimg.com/profile_images/1842873831259844608/oUol_FiD_bigger.jpg,429,1.5
Christianeth,35575,https://pbs.twimg.com/profile_images/1722065114814455808/Rj_iXL7E_bigger.jpg,0,1.5
Scooter_420,35848,https://pbs.twimg.com/profile_images/1782889942177202178/GuK6H0xl_bigger.jpg,715,1.5
fastdagod,35789,https://pbs.twimg.com/profile_images/1732599976306372608/56zHK8y5_bigger.jpg,0,1.5
CryptoCurb,36243,https://pbs.twimg.com/profile_images/1806079994000478208/PyfujI-a_bigger.jpg,3533,1.5
VultureGMI,36171,https://pbs.twimg.com/profile_images/1843426116951785472/bY28iknS_bigger.jpg,339,1.5
not_katarina,36220,https://pbs.twimg.com/profile_images/1774197985779630081/JJyVHVZo_bigger.jpg,0,1.5
dave_krugman,51921,https://pbs.twimg.com/profile_images/1769133741278945280/TV0CqSHK_bigger.jpg,0,1.5
leonardnftpage,95217,https://pbs.twimg.com/profile_images/1575966773375025179/ti0Y8VM2_bigger.jpg,0,1.7
Ucan_Coin,107291,https://pbs.twimg.com/profile_images/1666160053135585285/U4DmnRSt_bigger.jpg,0,1.8
cryptosanthoshK,113400,https://pbs.twimg.com/profile_images/1823356685164924928/byQTCDY2_bigger.jpg,779,1.9
woo_321,34995,https://pbs.twimg.com/profile_images/1822124694008676353/839X21Yt_bigger.jpg,8532,2
vladislav__slav,2432,https://pbs.twimg.com/profile_images/1831454975576137728/LF-9Z5b5_bigger.jpg,25.5,2
cryptogems555,396493,https://pbs.twimg.com/profile_images/1579373773567959043/cL1O2SlB_bigger.jpg,23331,2
mtunezofficial,1152,https://pbs.twimg.com/profile_images/1670006672897581057/gacJ4b0J_bigger.jpg,0,2
ManLyNFT,117644,https://pbs.twimg.com/profile_images/1698350296789864448/CyAVrClf_bigger.png,0,2
xelf_sol,23095,https://pbs.twimg.com/profile_images/1812192210911121408/ICmFNA4g_bigger.jpg,386,2
ohbrox,11184,https://pbs.twimg.com/profile_images/1795284462948728832/NfGmV1Qo_bigger.jpg,0,2
solanasteve_,14132,https://pbs.twimg.com/profile_images/1826682703288360960/uDvOECsM_bigger.jpg,1051.5,2
SweeperSolana,16380,https://pbs.twimg.com/profile_images/1666935583053172738/Ok4E8P8S_bigger.jpg,571.5,2
ZheSolworks,19120,https://pbs.twimg.com/profile_images/1633646870340722694/apYQ1Wku_bigger.jpg,824,2
MINHxDYNASTY,30223,https://pbs.twimg.com/profile_images/1832943105051631616/7KNFTcNW_bigger.jpg,0,2
IMSOnft_Chris,33647,https://pbs.twimg.com/profile_images/1824283971057827840/aZBfwq3t_bigger.jpg,1261,2
0xdoug,33717,https://pbs.twimg.com/profile_images/1764384019410542592/63LTiG5D_bigger.jpg,0,2
EvanWeb3,29859,https://pbs.twimg.com/profile_images/1816578873389469696/3gDJWZ1X_bigger.jpg,0,2.2
DegenHaole,37709,https://pbs.twimg.com/profile_images/1841120391810498561/kpX5ebL9_bigger.jpg,0,2.2
Everything_SOL,37601,https://pbs.twimg.com/profile_images/1818776732020637696/mYEqtSXW_bigger.jpg,0,2.2
NFTDoctor33,38113,https://pbs.twimg.com/profile_images/1577711495575633920/ouxZmB5Y_bigger.jpg,0,2.2
ElectroExtant,38379,https://pbs.twimg.com/profile_images/1835831166194102272/BJLVh-Ne_bigger.jpg,0,2.2
General_Sol,39674,https://pbs.twimg.com/profile_images/1765099543237111808/PU_9hZS6_bigger.jpg,0,2.2
SolSanta_,40116,https://pbs.twimg.com/profile_images/1827693873969143808/ZYK0z4TC_bigger.jpg,0,2.2
SOL_SNATCHER,40143,https://pbs.twimg.com/profile_images/1780414718630387712/A_4v6h3m_bigger.jpg,793,2.2
marccolcer,40412,https://pbs.twimg.com/profile_images/1609662003085479936/0ziRyPde_bigger.jpg,2738,2.2
LindseyByrnes,40610,https://pbs.twimg.com/profile_images/1824077674752655361/GhwnQKcs_bigger.jpg,459,2.2
degenbrody,40685,https://pbs.twimg.com/profile_images/1834669037827014657/zJutV9fu_bigger.jpg,610,2.2
0xGumshoe,40763,https://pbs.twimg.com/profile_images/1838947753029734400/gxu58q2z_bigger.png,0,2.2
sandyzkp,40852,https://pbs.twimg.com/profile_images/1805929827293396992/k06IeG_C_bigger.jpg,0,2.2
MalakAIXBT,40862,https://pbs.twimg.com/profile_images/1821882547791368192/fnHUjZSS_bigger.jpg,463,2.2
cryptowasta,41364,https://pbs.twimg.com/profile_images/1815779877951254528/bdFempCi_bigger.jpg,3825,2.2
Raullen,41194,https://pbs.twimg.com/profile_images/1828855483169644544/D3LhiAj9_bigger.jpg,2288,2.2
paperdstudio,21503,https://pbs.twimg.com/profile_images/1560451113848938497/73wQ1waR_bigger.png,0,2.2
wizzyknows,16940,https://pbs.twimg.com/profile_images/1817353240079405056/_0-brvAf_bigger.jpg,0,2.2
onchainsleuthh,8818,https://pbs.twimg.com/profile_images/1811924743248883713/eURhrd18_bigger.jpg,0,2.5
cozywyatt,19938,https://pbs.twimg.com/profile_images/1785412167686361088/VuodjzRz_bigger.jpg,0,2.5
baalazamon,21819,https://pbs.twimg.com/profile_images/1839237092984909824/v0zesCgK_bigger.jpg,0,2.5
calvertether,8482,https://pbs.twimg.com/profile_images/1638195065473343488/bb_jsO0i_bigger.jpg,266,2.5
0xbclub,102738,https://pbs.twimg.com/profile_images/1678326070993637376/9CLfHxPB_bigger.jpg,0,2.5
Block100x,84187,https://pbs.twimg.com/profile_images/1816519907045236736/yD6iA3KJ_bigger.jpg,1231.333333,2.5
Gibbler_rr,628,https://pbs.twimg.com/profile_images/1841579367182278656/5ZOkHGFZ_bigger.jpg,0,3
PulseXBT,110902,https://pbs.twimg.com/profile_images/1748473126323634176/xBAluFN7_bigger.jpg,6431,3
MediaGiraffes,39816,https://pbs.twimg.com/profile_images/1720370858315706368/RGsaasLA_bigger.jpg,1640,3
Arcanic,41494,https://pbs.twimg.com/profile_images/1764694588382437376/LVb6uk1Y_bigger.jpg,0,3
LtLollipop9,41763,https://pbs.twimg.com/profile_images/1770978956918820864/jOW0SOyC_bigger.png,451,3
franalations23,41747,https://pbs.twimg.com/profile_images/1836204881734193152/NqtwlTUZ_bigger.jpg,0,3
solana_king,41850,https://pbs.twimg.com/profile_images/1820695211632193536/EeJ7LSuA_bigger.jpg,2226,3
AlexIsBuilding,41907,https://pbs.twimg.com/profile_images/1620524745904226305/7HTy47J__bigger.jpg,1366,3
MantaNFT,41974,https://pbs.twimg.com/profile_images/1519738803027537920/Z20YMD8m_bigger.jpg,0,3
GratefulApe_eth,42403,https://pbs.twimg.com/profile_images/1475031510633914372/XWVlI25n_bigger.jpg,0,3
CryptoDiamonds,42627,https://pbs.twimg.com/profile_images/1781112917766684672/xzMWfkec_bigger.jpg,0,3
JRArtSpace_NFT,42454,https://pbs.twimg.com/profile_images/1832859280866770947/lT0NrUAm_bigger.jpg,538,3
TitanXBT,43125,https://pbs.twimg.com/profile_images/1727045842241044480/5u1LS1OX_bigger.jpg,0,3
qtdegen,43524,https://pbs.twimg.com/profile_images/1838296080003256320/cg4uYX-z_bigger.jpg,0,3
qrimeCapital,44361,https://pbs.twimg.com/profile_images/1833885358057984000/YaPaqII-_bigger.jpg,819,3
Cosmo_BoredApe,44655,https://pbs.twimg.com/profile_images/1784564283675643904/ilvbHIC1_bigger.jpg,0,3
doppelNFTs,45051,https://pbs.twimg.com/profile_images/1834254227922718720/f9FncBae_bigger.jpg,0,3
Crypto__emily,140442,https://pbs.twimg.com/profile_images/1704446335741534208/NkW0SFCC_bigger.jpg,2035.25,3
0xWatell,33909,https://pbs.twimg.com/profile_images/1747168290085158912/HkvMS0M-_bigger.jpg,0,3.2
CodyNFTs,34717,https://pbs.twimg.com/profile_images/1831519921567678464/t3dI5Uyx_bigger.jpg,0,3.2
bitcoinbella_,36628,https://pbs.twimg.com/profile_images/1822117040250908675/qvB6dE86_bigger.jpg,427,3.2
WazzCrypto,37446,https://pbs.twimg.com/profile_images/1386091770312802305/83V7DZ4B_bigger.jpg,1000,3.2
a1lon9,38417,https://pbs.twimg.com/profile_images/1698011995578961920/haUv3SQy_bigger.jpg,7552,3.2
chrismaddern,39797,https://pbs.twimg.com/profile_images/1837450525161541637/NW9FyHC6_bigger.jpg,525,3.2
0xMikeThree,40286,https://pbs.twimg.com/profile_images/1839160520651235328/GzVqiET-_bigger.jpg,0,3.2
_d3f4ult,44372,https://pbs.twimg.com/profile_images/1572854166233518081/dvecy4pI_bigger.jpg,2668,3.2
yumiweb3,45883,https://pbs.twimg.com/profile_images/1830125949087793152/1oxPAkgT_bigger.jpg,13711,3.2
0xWave,46261,https://pbs.twimg.com/profile_images/1637381597665325057/2bDovZg7_bigger.jpg,510,3.2
0xUnihax0r,47076,https://pbs.twimg.com/profile_images/1792654679781879808/F-rPhcfI_bigger.jpg,0,3.2
0xMaveryk,48064,https://pbs.twimg.com/profile_images/1789608680515846144/1HX-mTc0_bigger.jpg,0,3.2
illaDaProducer,48027,https://pbs.twimg.com/profile_images/1831544491204833280/3wgPu6Mp_bigger.jpg,1543,3.2
ShmooNFT,49002,https://pbs.twimg.com/profile_images/1638586422847315997/dfTn08KU_bigger.png,2122,3.2
ugliestduck,53289,https://pbs.twimg.com/profile_images/1821761744068304896/tIlBR-0c_bigger.jpg,16439,3.2
SmokeyHosoda,53305,https://pbs.twimg.com/profile_images/1832074222559969280/zJKhinIP_bigger.jpg,1193,3.2
Sherif_Defi,25,https://pbs.twimg.com/profile_images/1834287022153879552/B7pAjI6L_bigger.jpg,0,3.3
cr0ssETH,58743,https://pbs.twimg.com/profile_images/1819862404013895680/Ujdo6E6V_bigger.jpg,0,3.3
sp00n1cus,59772,https://pbs.twimg.com/profile_images/1775317542539550720/QyPpEa8J_bigger.jpg,0,3.3
cryptofishx,60622,https://pbs.twimg.com/profile_images/1838234572640681984/d9io9-jR_bigger.jpg,2731.75,3.3
mevcollector,61622,https://pbs.twimg.com/profile_images/1635992399028834305/cyyo7dj7_bigger.jpg,6362.5,3.3
playboycrypt0,63397,https://pbs.twimg.com/profile_images/1715373891445559297/DQ-eBv4v_bigger.png,0,3.3
imperooterxbt,66755,https://pbs.twimg.com/profile_images/1842580837155401728/a7C_v4Oz_bigger.jpg,4300,3.3
ray_noOnes,66153,https://pbs.twimg.com/profile_images/1835800638535458816/OX9L2gUs_bigger.jpg,0,3.3
TheBullishTradR,66165,https://pbs.twimg.com/profile_images/1815218561003974656/cbDBVJO5_bigger.jpg,930.6666667,3.3
hodl_CT,73265,https://pbs.twimg.com/profile_images/1841425627678674944/rgsutNvD_bigger.jpg,0,3.3
TradeWithThanos,79961,https://pbs.twimg.com/profile_images/1604094139120902144/29jkRgcA_bigger.jpg,0,3.5
TheOnlyNom,50514,https://pbs.twimg.com/profile_images/1783640166017404928/zqztR-Dv_bigger.jpg,0,3.5
hotlneblng_,46442,https://pbs.twimg.com/profile_images/1834649317639880704/khzL_Aky_bigger.jpg,308,3.5
kevwuzy,46511,https://pbs.twimg.com/profile_images/1778564559017816064/BhCsSdoH_bigger.jpg,0,3.5
nftpowerranking,46777,https://pbs.twimg.com/profile_images/1825624615370240005/cgseNdhA_bigger.jpg,379,3.5
AisarCrypto,46635,https://pbs.twimg.com/profile_images/1588562909940047872/h_5XT-jN_bigger.jpg,0,3.5
unclebobcrypto,46755,https://pbs.twimg.com/profile_images/1663665456798900224/Ts58-0Zf_bigger.jpg,4183.25,3.5
gaius1337,50063,https://pbs.twimg.com/profile_images/1813090843084869632/nrRnn50f_bigger.jpg,615,3.5
HerrCooLesNFT,50364,https://pbs.twimg.com/profile_images/1804410260347654145/FShzCjK2_bigger.jpg,0,3.5
sergitosergito,50710,https://pbs.twimg.com/profile_images/1840025256133558272/10hbDOUu_bigger.jpg,794,3.5
DanVerno,50665,https://pbs.twimg.com/profile_images/1710115479879127040/MEwkEvkw_bigger.jpg,306,3.5
BonerSol,50699,https://pbs.twimg.com/profile_images/1816814710966149120/AYfJt2VY_bigger.png,231,3.5
voided,51125,https://pbs.twimg.com/profile_images/1818523970938761216/Dl-gYPyp_bigger.png,923,3.5
SolProfessor565,51233,https://pbs.twimg.com/profile_images/1745175001492312064/NaIwN4vR_bigger.jpg,0,3.5
charleskoh,51214,https://pbs.twimg.com/profile_images/1812982888524312581/JWSIn_L1_bigger.jpg,617.5,3.5
Yauchunnft,74489,https://pbs.twimg.com/profile_images/1623000696990707730/gg5-hfwq_bigger.png,0,3.7
AsusWeb3,76897,https://pbs.twimg.com/profile_images/1810445802818703361/Z-NoXo4F_bigger.jpg,0,3.7
0xMaki,78715,https://pbs.twimg.com/profile_images/1737148253970534400/Up8-uZBz_bigger.jpg,0,3.7
inSmallhome,79377,https://pbs.twimg.com/profile_images/1838409729942654977/Aqz6S4un_bigger.jpg,0,3.7
joemccann,80810,https://pbs.twimg.com/profile_images/1838321787010273280/sLgvlGkV_bigger.jpg,6242,3.7
mrblocktw,83690,https://pbs.twimg.com/profile_images/1841470462204973056/PgyPfytI_bigger.jpg,2476,3.7
poopie,86197,https://pbs.twimg.com/profile_images/1748337927380160512/Fb_UCCWX_bigger.jpg,13025,3.7
mikadontlouz,92016,https://pbs.twimg.com/profile_images/1827487052600139776/O7hbKsfI_bigger.jpg,7296,3.7
star_okx,97022,https://pbs.twimg.com/profile_images/1627290215189741572/7WVhFT9Q_bigger.jpg,0,3.7
0xBackwards,100056,https://pbs.twimg.com/profile_images/1645864278291894300/PjIN-aVg_bigger.jpg,4857,3.7
OGDfarmer,104680,https://pbs.twimg.com/profile_images/1776957477575069697/3F6iG0-k_bigger.jpg,0,3.7
DefiIgnas,107362,https://pbs.twimg.com/profile_images/1572199012790603778/GF4NXSKr_bigger.jpg,0,3.7
0xsushi,70979,https://pbs.twimg.com/profile_images/1773888734791905280/kjwWufQy_bigger.jpg,0,4
BalouBAYC,51505,https://pbs.twimg.com/profile_images/1590440777452224512/uXZAq-AY_bigger.png,0,4
SpottieWiFi,51645,https://pbs.twimg.com/profile_images/1808399251103260672/-ZIRHz9c_bigger.jpg,0,4
0xKirara,53040,https://pbs.twimg.com/profile_images/1843713027700621312/dt1k3Exb_bigger.jpg,0,4
bitcoinzhang1,52119,https://pbs.twimg.com/profile_images/1750147209537191936/XoQcqRrw_bigger.jpg,12534.75,4
DrSolanaNFT,52693,https://pbs.twimg.com/profile_images/1841905460078587905/8kr-cgMi_bigger.jpg,0,4
TheDeFiPlug,52792,https://pbs.twimg.com/profile_images/1686186576227848192/ikn0ad9q_bigger.jpg,0,4
dragonseller88,53383,https://pbs.twimg.com/profile_images/1581323652393447426/GFKZxh5x_bigger.png,2229,4
0xstarkx,53472,https://pbs.twimg.com/profile_images/1790404284904808448/CZvMIebh_bigger.jpg,1547,4
DSentralized,53854,https://pbs.twimg.com/profile_images/1835707674270253056/7Fzwdn4l_bigger.jpg,1232.5,4
redphonecrypto,53815,https://pbs.twimg.com/profile_images/1765891317878472704/EljCVfJk_bigger.jpg,0,4
V1JeromeLoo,54253,https://pbs.twimg.com/profile_images/1734805866837422080/n0Q6_WwB_bigger.jpg,4366,4
DJohnson_CPA,54649,https://pbs.twimg.com/profile_images/1823579919739449344/K2GMPx3P_bigger.jpg,0,4
blockgraze,54735,https://pbs.twimg.com/profile_images/1760655565921873921/ACKqE_V9_bigger.jpg,16812,4
naniXBT,55113,https://pbs.twimg.com/profile_images/1843728522226929665/TkG1PpB1_bigger.jpg,998,4
ohDotss,56761,https://pbs.twimg.com/profile_images/1568084088355188742/yvd0r9VW_bigger.jpg,2191,4
ShibaArmy_2024,140340,https://pbs.twimg.com/profile_images/1829913001601744897/Y0foL8yq_bigger.jpg,0,4
HollanderAdam,56896,https://pbs.twimg.com/profile_images/1779226632877715456/YwB-OSeZ_bigger.jpg,980,4.2
ToTheDemon,57825,https://pbs.twimg.com/profile_images/1814134796475310080/YOrNNxUX_bigger.jpg,0,4.2
lior_eth,57318,https://pbs.twimg.com/profile_images/1826598573800128512/enS7tunb_bigger.jpg,601,4.2
funghibull,57763,https://pbs.twimg.com/profile_images/1611543363429502976/cur5I0bU_bigger.jpg,0,4.2
0xBrando,58182,https://pbs.twimg.com/profile_images/1747727265260048386/LsIS1Qkc_bigger.jpg,5762,4.2
JerzyNFT,58451,https://pbs.twimg.com/profile_images/1834678354772992000/SgMr5rnf_bigger.jpg,0,4.2
MrTcooks,59022,https://pbs.twimg.com/profile_images/1575170000150732801/znIjSWPW_bigger.png,0,4.2
AL_theDeFiMaxi,60458,https://pbs.twimg.com/profile_images/1839069945189011456/O54E2I6V_bigger.jpg,1558.666667,4.2
ForzaNft,61723,https://pbs.twimg.com/profile_images/1805304277864255488/XNDPnAvh_bigger.jpg,0,4.2
FarmerNash_,61989,https://pbs.twimg.com/profile_images/1735112199738396672/A7oNHLQq_bigger.jpg,1046.5,4.2
therealchaseeb,63600,https://pbs.twimg.com/profile_images/1841834175680413698/i5OGAT9d_bigger.jpg,0,4.2
jbondwagon,63558,https://pbs.twimg.com/profile_images/1817244384943030272/xGQzGMcj_bigger.jpg,0,4.2
MilkRoadDaily,63818,https://pbs.twimg.com/profile_images/1539296276407324673/4IBkcdhF_bigger.jpg,1376,4.2
SpeculatorArt,64643,https://pbs.twimg.com/profile_images/1704487889176821761/dvD3eCF7_bigger.jpg,555,4.5
Crouserrr,64919,https://pbs.twimg.com/profile_images/1840635071151185920/iLpaETB6_bigger.jpg,746,4.5
TheSolanaBoss,65123,https://pbs.twimg.com/profile_images/1796138864089677826/VGpaMHgz_bigger.jpg,0,4.5
artsch00lreject,65160,https://pbs.twimg.com/profile_images/1654073228426629120/uxDUcLH6_bigger.jpg,0,4.5
0xlxlmeme,78231,https://pbs.twimg.com/profile_images/1741018255807164416/yEWft2Q6_bigger.jpg,25608,4.5
mememe69696969,69361,https://pbs.twimg.com/profile_images/1596041341380997120/8dy91BAl_bigger.jpg,2601,4.5
KennethBosak,66360,https://pbs.twimg.com/profile_images/1803116056782782465/I7lQL0dE_bigger.jpg,0,4.5
hashoshi4,67281,https://pbs.twimg.com/profile_images/1389250956295131136/rooAJDLC_bigger.jpg,4913,4.5
ashrobinqt,67947,https://pbs.twimg.com/profile_images/1616178369011269648/2MUSZzrQ_bigger.jpg,5527,4.5
ZK_shark,67960,https://pbs.twimg.com/profile_images/1793143137168154624/9mI7Suyp_bigger.jpg,94943,4.5
Solana_Emperor,68448,https://pbs.twimg.com/profile_images/1628875028744871937/-5k_qoqn_bigger.png,295,4.5
silverfang88,69076,https://pbs.twimg.com/profile_images/1675809384902066176/B911i4R9_bigger.jpg,3229,4.5
CarlosOMFG,68687,https://pbs.twimg.com/profile_images/1762507247996063744/3U1iqx4v_bigger.jpg,0,4.5
Timeless_Crypto,68543,https://pbs.twimg.com/profile_images/1654015517110181889/ob46Kcbo_bigger.jpg,6744,4.5
punk4762,69509,https://pbs.twimg.com/profile_images/1791093902830882816/ijW6uxYC_bigger.jpg,228.5,4.5
leap_xyz,71346,https://pbs.twimg.com/profile_images/1785017878795915264/N-uCtPDD_bigger.jpg,7751.8,4.5
anon_rip,71376,https://pbs.twimg.com/profile_images/1827053947305009152/dpYLB4NS_bigger.jpg,0,4.5
mvpescu,71334,https://pbs.twimg.com/profile_images/1840675466845270016/trLWhkBy_bigger.jpg,368,4.5
CryptoHarry_,71819,https://pbs.twimg.com/profile_images/1637253283411820544/BVTBgQZ8_bigger.jpg,1558,4.5
CryptoChihiro,72001,https://pbs.twimg.com/profile_images/1742241079032778752/mUFbzhZH_bigger.jpg,697,4.5
NFTLabz_,72374,https://pbs.twimg.com/profile_images/1815758640357498880/IKR9v9fQ_bigger.jpg,2539,4.5
SneakyninjaNFTs,72811,https://pbs.twimg.com/profile_images/1783543304652746755/hO8Hn0ZK_bigger.jpg,3412,4.5
PaikCapital,73431,https://pbs.twimg.com/profile_images/1702550886374162432/JutW85Lj_bigger.jpg,0,4.5
greybtc,73261,https://pbs.twimg.com/profile_images/1795671781644148736/uLpZCGJA_bigger.jpg,1091.333333,4.5
Kryptomonach,80607,https://pbs.twimg.com/profile_images/1685312648928178176/Gf-bYxFM_bigger.jpg,32956,4.5
Cryptanzee,76187,https://pbs.twimg.com/profile_images/1840454997915340800/mFcdtYBX_bigger.jpg,0,4.5
SmallCapScience,76985,https://pbs.twimg.com/profile_images/1556492962951045120/I1b7rAnk_bigger.jpg,2687.666667,4.5
Giooton,77369,https://pbs.twimg.com/profile_images/1832730482691227648/uKKw8JfX_bigger.jpg,0,4.5
Defina_Official,77213,https://pbs.twimg.com/profile_images/1612526600444076053/k2JMccBN_bigger.jpg,7978,4.5
Lina_nftt,86402,https://pbs.twimg.com/profile_images/1697357772327677952/Ahzz7Raz_bigger.png,1067.5,4.5
xBenJamminx,79127,https://pbs.twimg.com/profile_images/1837819852033011712/dcYh5w69_bigger.jpg,0,4.5
TheEwansEffect,44330,https://pbs.twimg.com/profile_images/1610414618274414599/MoBnl66V_bigger.jpg,0,4.6
WEB3Eliza,79363,https://pbs.twimg.com/profile_images/1832013836779429888/HM7iKJXG_bigger.jpg,3908,4.6
Dynamo_Patrick,79340,https://pbs.twimg.com/profile_images/1700258144704757760/1lzTmKc7_bigger.jpg,0,4.6
CryptoGodfatha,79244,https://pbs.twimg.com/profile_images/1777813234495475712/w-HNCOIY_bigger.jpg,491,4.6
jpeggler,81452,https://pbs.twimg.com/profile_images/1843308898637299713/1CzHhbyh_bigger.jpg,6309,4.6
wsdxbz1,79858,https://pbs.twimg.com/profile_images/1591141311561670656/zxdc0cFC_bigger.jpg,0,4.6
pastagotsauce,80300,https://pbs.twimg.com/profile_images/1793458691934732288/AoSApcpk_bigger.jpg,0,4.6
SolportTom,80570,https://pbs.twimg.com/profile_images/1643347033573535747/MyGKYVX9_bigger.jpg,0,4.6
ElenaaETH,80521,https://pbs.twimg.com/profile_images/1676299468231024640/ra9tya5u_bigger.jpg,0,4.6
piovincenzo_,80603,https://pbs.twimg.com/profile_images/1673751028800389124/Tr735RIT_bigger.jpg,0,4.6
bledi_gmi,83725,https://pbs.twimg.com/profile_images/1757666120536883200/E3X7Egln_bigger.jpg,1426,4.6
elliotlfg,82023,https://pbs.twimg.com/profile_images/1830032534677147648/YhYZZaB2_bigger.jpg,1764,4.6
Fityeth,83032,https://pbs.twimg.com/profile_images/1733051448689381376/tdmNYA6E_bigger.jpg,878,4.6
theNFTjosh,84276,https://pbs.twimg.com/profile_images/1842968122283692033/yPJJXySo_bigger.jpg,1181,4.6
Lexibtceth,82981,https://pbs.twimg.com/profile_images/1821707588561465344/duMLe2pC_bigger.jpg,3322,4.6
benitopagotto,84436,https://pbs.twimg.com/profile_images/1778448010684366848/ISqGVnUn_bigger.jpg,0,4.6
Zeero_GGWP,84957,https://pbs.twimg.com/profile_images/1689340637068345344/mKY68W3D_bigger.png,607.3333333,4.6
vohvohh,85788,https://pbs.twimg.com/profile_images/1739414823396356096/EgeEiZUV_bigger.jpg,0,4.6
andy8052,85857,https://pbs.twimg.com/profile_images/1749873563304067072/NkgDwXBn_bigger.jpg,1867,4.6
domodata,86397,https://pbs.twimg.com/profile_images/1540363498848403461/TIUPOCQx_bigger.jpg,8652.5,4.6
knox_trades,87206,https://pbs.twimg.com/profile_images/1829192154456969216/oB9koIuz_bigger.jpg,1347.75,4.7
lucianlampdefi,87248,https://pbs.twimg.com/profile_images/1713100418417668098/v6OwCpTs_bigger.png,1070,4.7
DEG_2020,99596,https://pbs.twimg.com/profile_images/1675830022127616002/3zycJC4a_bigger.jpg,0,4.7
Nate_Rivers,100437,https://pbs.twimg.com/profile_images/1840306005957296128/-_90_OXD_bigger.jpg,4037,4.7
Axel_bitblaze69,107475,https://pbs.twimg.com/profile_images/1798045863593525248/wJ2rC-9h_bigger.jpg,0,4.7
cryptoSqueeze,109725,https://pbs.twimg.com/profile_images/1434962703290753025/Nr4FkPNc_bigger.jpg,45462,4.7
AltGemHunter,111347,https://pbs.twimg.com/profile_images/1836074483938979840/FuMa5Kwc_bigger.jpg,3259,4.7
Awawat_Trades,119679,https://pbs.twimg.com/profile_images/1705441078193926144/gLmTqHQN_bigger.jpg,13296,4.7
blackbeardXBT,128145,https://pbs.twimg.com/profile_images/1573958923886927873/LNotmXRf_bigger.jpg,5362,4.7
Phoenix_Ash3s,132586,https://pbs.twimg.com/profile_images/1536292638902697984/zh6sMqEp_bigger.jpg,0,4.7
orangie,149218,https://pbs.twimg.com/profile_images/1843439709571219456/iNRM1482_bigger.jpg,0,4.7
AytuncYildizli,141745,https://pbs.twimg.com/profile_images/1735616314511609856/tgu38_Ry_bigger.jpg,0,4.7
cryptomocho,142665,https://pbs.twimg.com/profile_images/1809987727279955969/RGJPgACa_bigger.jpg,6751.25,4.7
mattmedved,157549,https://pbs.twimg.com/profile_images/1773552885713846272/ouyHPCta_bigger.jpg,0,4.7
sibeleth,161513,https://pbs.twimg.com/profile_images/1764228863209418753/CclG6MLN_bigger.jpg,31013,4.7
ZGodegen,166735,https://pbs.twimg.com/profile_images/1696477866308030464/mbSYUHJ1_bigger.png,9157.5,4.7
KevinSusanto,171538,https://pbs.twimg.com/profile_images/1810977997736071168/7oMwzpd0_bigger.jpg,0,4.7
CryptoVonDoom,190619,https://pbs.twimg.com/profile_images/1783884127831535616/CFogUoHh_bigger.jpg,0,4.8
CryptoDefiLord,189712,https://pbs.twimg.com/profile_images/1843147529312989184/u2mbm-oV_bigger.jpg,3567.5,4.8
alpha_pls,108470,https://pbs.twimg.com/profile_images/1504139683751763971/YDAbI0Ay_bigger.jpg,4565,4.8
damskotrades,109873,https://pbs.twimg.com/profile_images/1764380143374458880/GvGfnRL__bigger.jpg,0,4.8
LucaNetz,111459,https://pbs.twimg.com/profile_images/1598695490685747200/AsOZ085k_bigger.jpg,0,4.8
LucasWeb3_,118259,https://pbs.twimg.com/profile_images/1676900475755536384/2Jz_p__j_bigger.png,3085,4.8
Cryptoking,112776,https://pbs.twimg.com/profile_images/1591393579142123522/JC36CJsK_bigger.jpg,0,4.8
MinisterOfNFTs,113675,https://pbs.twimg.com/profile_images/1581335385103269890/ls5Pg3C9_bigger.png,0,4.8
StockLizardKing,113459,https://pbs.twimg.com/profile_images/1819408422930206720/Y16GfqBW_bigger.jpg,0,4.8
ttxsgxfc,113966,https://pbs.twimg.com/profile_images/1678763901402615809/Yh83dfrk_bigger.jpg,0,4.8
CapetainTrippy,118128,https://pbs.twimg.com/profile_images/1834776972267769856/qqpCHQJP_bigger.jpg,145,4.8
santiagoroel,116791,https://pbs.twimg.com/profile_images/1492672526656446467/uH5PD24j_bigger.jpg,0,4.8
Cry_List,123835,https://pbs.twimg.com/profile_images/1787164964161036289/OnKTmRtV_bigger.jpg,0,4.8
barkmeta,119622,https://pbs.twimg.com/profile_images/1839662816195674112/1HLbw6bL_bigger.jpg,4566,4.8
HGEABC,121515,https://pbs.twimg.com/profile_images/1813518604245008384/NRjRnmzu_bigger.jpg,4703,4.8
SOLbuckets,121386,https://pbs.twimg.com/profile_images/1755373137925943296/ckLmKA3N_bigger.jpg,2177.5,4.8
TheDeFinvestor,121895,https://pbs.twimg.com/profile_images/1622002065483374592/Bu0ot06d_bigger.png,0,4.8
MookieNFT,122281,https://pbs.twimg.com/profile_images/1640921641357045762/vEjfbVud_bigger.png,0,4.8
ShiLLin_ViLLian,124727,https://pbs.twimg.com/profile_images/1674232972667686912/30hd3ogC_bigger.jpg,1696.5,4.8
AlexCobb_,158909,https://pbs.twimg.com/profile_images/1820601247478554624/U2-5Lyxd_bigger.jpg,3430,4.8
notEezzy,167847,https://pbs.twimg.com/profile_images/1750880316196089856/YplOr-oj_bigger.jpg,11592,4.8
DaveCrypto91,175818,https://pbs.twimg.com/profile_images/1838132931304255488/0PQFI5s6_bigger.jpg,0,4.8
chooserich,174309,https://pbs.twimg.com/profile_images/1673530491750719488/zjB5OMTf_bigger.jpg,4672,4.8
Arthur_0x,176759,https://pbs.twimg.com/profile_images/1680184510510669825/fmWRG1f-_bigger.jpg,55183,4.8
andr3w,184400,https://pbs.twimg.com/profile_images/1841959022322450434/-Qboh9S-_bigger.jpg,1682,4.8
Ebubechi_Gmi,91976,https://pbs.twimg.com/profile_images/1742941835562012673/FF1SQaz5_bigger.jpg,0,4.8
Noahhweb3,165238,https://pbs.twimg.com/profile_images/1818670359903617024/LO_CXF5C_bigger.jpg,0,4.8
Somehcrypto,25188,https://pbs.twimg.com/profile_images/1681744566888591363/kKleVTg1_bigger.jpg,0,4.8
traderrocko,38515,https://pbs.twimg.com/profile_images/1355123076183322625/3tpOFCLO_bigger.jpg,0,4.9
syanovee,3791,https://pbs.twimg.com/profile_images/1840442835226513408/3SGTY7Ov_bigger.jpg,0,4.9
demigod_zen_,620,https://pbs.twimg.com/profile_images/1827499596664238080/KLZ7tYmU_bigger.jpg,0,4.9
ilodiwow,117008,https://pbs.twimg.com/profile_images/1814772296575275008/jHHeP12j_bigger.jpg,0,4.9
PastorKelby,9627,https://pbs.twimg.com/profile_images/1840275281996591104/WKsbUEcm_bigger.jpg,358.6666667,4.9
Collectxrnft,24467,https://pbs.twimg.com/profile_images/1831129902197735424/6kgr-DgK_bigger.jpg,0,4.9
ScoopySnax,8533,https://pbs.twimg.com/profile_images/1836640136588824576/aXuXJ6NY_bigger.jpg,296,4.9
churchofthescf,19311,https://pbs.twimg.com/profile_images/1828107281457704969/sNFVI1N1_bigger.jpg,26756,4.9
offshoda,88051,https://pbs.twimg.com/profile_images/1815023021435846657/DDCh9-H8_bigger.jpg,1435,4.9
mbeNFT,89179,https://pbs.twimg.com/profile_images/1838696357487411200/gLgMBslU_bigger.jpg,0,4.9
AxieAur,88200,https://pbs.twimg.com/profile_images/1754327870007119872/C5PYj2l1_bigger.jpg,424,4.9
1CrypticPoet,89174,https://pbs.twimg.com/profile_images/1757425598975152128/gBYSapqp_bigger.jpg,0,4.9
neestesol,89026,https://pbs.twimg.com/profile_images/1797362125251231744/M5YVqhFb_bigger.jpg,0,4.9
Crypto_Fans_ETH,89232,https://pbs.twimg.com/profile_images/1773029562840154114/m06uuY0l_bigger.jpg,683.5,4.9
SOLPlayboy,89363,https://pbs.twimg.com/profile_images/1774589917416353792/fn58QEXp_bigger.jpg,6110,4.9
SolanaPrincess,89443,https://pbs.twimg.com/profile_images/1833195969871257600/R42oa-0-_bigger.jpg,3371.5,4.9
VanessaDefi,90282,https://pbs.twimg.com/profile_images/1691398313122172928/HytZCPYL_bigger.jpg,0,4.9
CryptoFeras,89903,https://pbs.twimg.com/profile_images/1658649704144445440/I1MfvBWV_bigger.jpg,3683,4.9
solsniperr,90696,https://pbs.twimg.com/profile_images/1590489295948861441/eVOEFnZ0_bigger.jpg,0,4.9
CaleCrypto,91221,https://pbs.twimg.com/profile_images/1484242223151603716/-H0LZt3N_bigger.jpg,4261,4.9
defi_mochi,91235,https://pbs.twimg.com/profile_images/1676246952131043330/a_9p7KnH_bigger.jpg,12820.33333,4.9
0xc06,92492,https://pbs.twimg.com/profile_images/1624872954772291588/uYbsQPgR_bigger.jpg,0,4.9
SpiderCrypto0x,93417,https://pbs.twimg.com/profile_images/1821320107085459458/RsUrs7-5_bigger.jpg,2319,4.9
ChartFuMonkey,94148,https://pbs.twimg.com/profile_images/1842622314086612993/3t9rhUn7_bigger.jpg,3478.5,4.9
betty_nft,93707,https://pbs.twimg.com/profile_images/1747451575902277632/qdZQcCsR_bigger.jpg,1734,4.9
9x9x9eth,96619,https://pbs.twimg.com/profile_images/1547207276913692672/qpleXjcy_bigger.jpg,0,4.9
PawelSynapse,102281,https://pbs.twimg.com/profile_images/1620932447104811010/PWPeS3eo_bigger.png,0,4.9
thenameisbrill,106082,https://pbs.twimg.com/profile_images/1588583212049203200/mKlDhAoY_bigger.jpg,0,4.9
wabdoteth,102609,https://pbs.twimg.com/profile_images/1787697051058278400/kT_Ct6Mj_bigger.jpg,0,4.9
KookCapitalLLC,103627,https://pbs.twimg.com/profile_images/1724383779307843584/YiFv8ORd_bigger.jpg,2851,4.9
nftboi_,103127,https://pbs.twimg.com/profile_images/1804227424202498048/stZT-vGg_bigger.jpg,3282,4.9
fxnction,125418,https://pbs.twimg.com/profile_images/1827760912326860800/X6KMz2ir_bigger.jpg,2542.5,4.9
SolJakey,126764,https://pbs.twimg.com/profile_images/1835432483124281346/KA3Vm4jy_bigger.jpg,9338.25,4.9
ZAGABOND,129210,https://pbs.twimg.com/profile_images/1605984553310437376/Du3FX-og_bigger.jpg,0,4.9
oCalebSol,130649,https://pbs.twimg.com/profile_images/1605944722383577089/yOBjE-Pz_bigger.jpg,0,4.9
MintOfTheDay,131008,https://pbs.twimg.com/profile_images/1690838399643500545/T4LRcvnX_bigger.jpg,0,4.9
beijingdou,131777,https://pbs.twimg.com/profile_images/1602122467002155010/MI7V7cqu_bigger.png,0,4.9
gem_insider,132506,https://pbs.twimg.com/profile_images/1352548197835681793/P8tRO3U2_bigger.jpg,0,4.9
Atitty_,134640,https://pbs.twimg.com/profile_images/1837689888344289281/FjdwSIXH_bigger.jpg,13708,4.9
The__Solstice,136268,https://pbs.twimg.com/profile_images/1830786921200521216/ei_obfWy_bigger.jpg,0,4.9
CryptoTea_,135253,https://pbs.twimg.com/profile_images/1583173844134924288/Z-d6vdZy_bigger.jpg,12104,4.9
JJcycles,135944,https://pbs.twimg.com/profile_images/1799467642874396672/iDfgP_KT_bigger.jpg,4528.5,4.9
jp_mullin888,137519,https://pbs.twimg.com/profile_images/1777510613700546560/U1pLm3_A_bigger.jpg,0,4.9
0xMert_,146582,https://pbs.twimg.com/profile_images/1775535430835863552/zgFeCArT_bigger.jpg,8954,4.9
mdudas,152030,https://pbs.twimg.com/profile_images/1830738945237250048/2d9vOGIY_bigger.jpg,0,4.9
CryptoGorillaYT,153916,https://pbs.twimg.com/profile_images/1670275516878712832/mMvuhAtS_bigger.png,0,4.9
NFTGUYY,157044,https://pbs.twimg.com/profile_images/1598280213766758400/iyD38R1k_bigger.png,0,4.9
cozypront,157947,https://pbs.twimg.com/profile_images/1677409859992428545/XwXB8OAN_bigger.jpg,0,4.9
GemsScope,160602,https://pbs.twimg.com/profile_images/1832865606195924993/OJEEj12O_bigger.jpg,0,4.9
SilverBulletBTC,161743,https://pbs.twimg.com/profile_images/1741984090654384128/jg7EYWpQ_bigger.jpg,3442,4.9
ChandlerGuo,161800,https://pbs.twimg.com/profile_images/1589141652198694912/tweqsURL_bigger.jpg,54933.2,4.9
SolanaLegend,163791,https://pbs.twimg.com/profile_images/1815207549370597376/3s7WP_cw_bigger.jpg,0,4.9
Ravers,164159,https://pbs.twimg.com/profile_images/1794804462281760768/vjJao1Nb_bigger.jpg,2364.5,4.9
CryptoAnglio,169824,https://pbs.twimg.com/profile_images/1737849521441550336/5W4BOjSi_bigger.jpg,6960,4.9
fvckrender,171080,https://pbs.twimg.com/profile_images/1773751669366386688/7bI91Ls4_bigger.jpg,0,4.9
dubzyxbt,183392,https://pbs.twimg.com/profile_images/1735828728410959872/BgV3z76d_bigger.jpg,10826.5,4.9
ZeusLFG,183987,https://pbs.twimg.com/profile_images/1803272948637220864/E4mpwzmr_bigger.jpg,763,4.9
SolanaSensei,184904,https://pbs.twimg.com/profile_images/1680568559997444096/kMsr7fun_bigger.jpg,6061.666667,4.9
notsofast,194996,https://pbs.twimg.com/profile_images/1828805788334182400/SNSMfhh2_bigger.jpg,0,4.9
osf_rekt,197042,https://pbs.twimg.com/profile_images/1843252624386048001/VfQjPTzf_bigger.png,3137.5,5
3orovik,204845,https://pbs.twimg.com/profile_images/1602013001275432961/fPt7sb1f_bigger.png,6419,5
LilMoonLambo,205536,https://pbs.twimg.com/profile_images/1694151089904312320/1QNDNd_f_bigger.jpg,4620,5
CryptoFinally,197521,https://pbs.twimg.com/profile_images/1642616205897768963/PKGpPHKV_bigger.jpg,6309,5
WisdomMatic,214925,https://pbs.twimg.com/profile_images/1595000031244943360/c2KdF0Bp_bigger.jpg,11796,5
BentoBoiNFT,220288,https://pbs.twimg.com/profile_images/1732506671145156608/9w7Iv1Iz_bigger.jpg,1780,5
rajgokal,245736,https://pbs.twimg.com/profile_images/1793628589461798912/t0u2yVKg_bigger.jpg,0,5
SOLBigBrain,250111,https://pbs.twimg.com/profile_images/1653077175287914496/qESpHuGx_bigger.jpg,0,5
laurashin,250777,https://pbs.twimg.com/profile_images/1539462748173746176/hxR80FYT_bigger.png,4459.5,5
gainzy222,255879,https://pbs.twimg.com/profile_images/1763753850240983040/bg9hu_kW_bigger.jpg,9577,5
DeeZe,262086,https://pbs.twimg.com/profile_images/1833184180722597888/cCc5A3sj_bigger.jpg,2488,5
frankdegods,262997,https://pbs.twimg.com/profile_images/1842057740845203456/-YrmNrKI_bigger.jpg,0,5
IcedKnife,328416,https://pbs.twimg.com/profile_images/1650746818798444544/OaAb9GI0_bigger.jpg,13672.66667,5
farokh,419366,https://pbs.twimg.com/profile_images/1826092771590934528/YGIm2aCM_bigger.jpg,5997,5
IvanOnTech,468669,https://pbs.twimg.com/profile_images/1654548524472696834/GR4VOP4Y_bigger.png,0,5
zhusu,597855,https://pbs.twimg.com/profile_images/1642482315602395138/7g4NNyuA_bigger.jpg,26970.33333,5
trader1sz,602152,https://pbs.twimg.com/profile_images/1842923283420790785/1yI_Grqf_bigger.jpg,0,5
blockchainedbb,204359,https://pbs.twimg.com/profile_images/1528513156032745472/ymeGRGhA_bigger.jpg,0,5
3LAU,251006,https://pbs.twimg.com/profile_images/1766592636054605824/YKGi-TQf_bigger.jpg,0,5
langeriuseth,250310,https://pbs.twimg.com/profile_images/1826609456227995648/z6hWfBBn_bigger.jpg,1669,5
CryptoNewton,267648,https://pbs.twimg.com/profile_images/1585198113794494470/BklvuxQy_bigger.jpg,17621,5
AlexanderHaxton,292532,https://pbs.twimg.com/profile_images/1075831827074433024/rrSyO8R-_bigger.jpg,0,5
cburniske,302072,https://pbs.twimg.com/profile_images/1494841994572562433/I-j4N9Z7_bigger.jpg,0,5
ryandcrypto,318823,https://pbs.twimg.com/profile_images/1811295873307148288/aKIHoqoN_bigger.jpg,2638,5
XRPcryptowolf,333913,https://pbs.twimg.com/profile_images/1129071725033992193/o_h5nW2x_bigger.png,0,5
litcapital,371538,https://pbs.twimg.com/profile_images/1611406816130338816/KWJfnndd_bigger.jpg,0,5
aeyakovenko,407040,https://pbs.twimg.com/profile_images/1836225007631925248/_ktfi5Y5_bigger.jpg,0,5
CredibleCrypto,424292,https://pbs.twimg.com/profile_images/1663200685905661952/44N9jK32_bigger.jpg,0,5
mrJackLevin,425773,https://pbs.twimg.com/profile_images/1815751452171898880/Ydka5iAZ_bigger.jpg,9013.5,5
CRYPTOFIED1,459550,https://pbs.twimg.com/profile_images/1824404342167728128/LX9iEXIq_bigger.jpg,0,5
Jihoz_Axie,505446,https://pbs.twimg.com/profile_images/1807719509287190528/iMm9mN-u_bigger.jpg,1133,5
Pentosh1,805528,https://pbs.twimg.com/profile_images/1767366822309855232/YJCVbrQl_bigger.jpg,0,5